matrix_index	chrom	start	end	bin_name	feature_index	feature_name	masked	actual_normalized	predicted_normalized	absolute_error	actual_original	predicted_original
25631	chr1	155222000	155223000	chr1:155222000-155223000	0	G4_peak	0	0.000000	0.532423	0.532423	0.000000	15.446219
25631	chr1	155222000	155223000	chr1:155222000-155223000	1	G4_self_ratio	0	0.000000	0.672987	0.672987	0.000000	0.672987
25631	chr1	155222000	155223000	chr1:155222000-155223000	2	G4_bin_ratio	0	0.000000	0.518712	0.518712	0.000000	0.518712
25631	chr1	155222000	155223000	chr1:155222000-155223000	3	ATAC_overlapping_G4	1	0.000000	0.000302	0.000302	0.000000	0.000302
25631	chr1	155222000	155223000	chr1:155222000-155223000	4	NFR_overlapping_G4	1	0.000000	0.001171	0.001171	0.000000	0.001171
25631	chr1	155222000	155223000	chr1:155222000-155223000	5	Nucleosome_overlapping_G4	1	0.000000	0.000889	0.000889	0.000000	0.000889
25631	chr1	155222000	155223000	chr1:155222000-155223000	6	CTCF_overlapping_G4	0	0.000000	0.642107	0.642107	0.000000	0.642107
25631	chr1	155222000	155223000	chr1:155222000-155223000	7	Gata4_overlapping_G4	1	0.000000	-0.000101	0.000101	0.000000	-0.000101
25631	chr1	155222000	155223000	chr1:155222000-155223000	8	Gata6_overlapping_G4	0	0.000000	0.438026	0.438026	0.000000	0.438026
25631	chr1	155222000	155223000	chr1:155222000-155223000	9	H3K27ac_overlapping_G4	1	0.000000	0.000295	0.000295	0.000000	0.000295
25631	chr1	155222000	155223000	chr1:155222000-155223000	10	H3K27me3_overlapping_G4	0	0.000000	0.533996	0.533996	0.000000	0.533996
25631	chr1	155222000	155223000	chr1:155222000-155223000	11	H3K4me1_overlapping_G4	0	0.000000	0.689202	0.689202	0.000000	0.689202
25631	chr1	155222000	155223000	chr1:155222000-155223000	12	H3K4me3_overlapping_G4	0	0.000000	0.755054	0.755054	0.000000	0.755054
25631	chr1	155222000	155223000	chr1:155222000-155223000	13	Hand2_overlapping_G4	1	0.000000	-0.000067	0.000067	0.000000	-0.000067
25631	chr1	155222000	155223000	chr1:155222000-155223000	14	Isl1_overlapping_G4	0	0.000000	0.582547	0.582547	0.000000	0.582547
25631	chr1	155222000	155223000	chr1:155222000-155223000	15	Nkx2_5_overlapping_G4	0	0.000000	0.611253	0.611253	0.000000	0.611253
25631	chr1	155222000	155223000	chr1:155222000-155223000	16	Tbx5_overlapping_G4	1	0.000000	0.000813	0.000813	0.000000	0.000813
25631	chr1	155222000	155223000	chr1:155222000-155223000	17	Rloop_overlapping_G4	0	0.000000	0.444441	0.444441	0.000000	0.444441
25631	chr1	155222000	155223000	chr1:155222000-155223000	18	ATAC_peak	0	0.638231	0.542040	0.096191	142.289970	66.801880
25631	chr1	155222000	155223000	chr1:155222000-155223000	19	ATAC_self_ratio	0	0.390000	0.459328	0.069328	0.390000	0.459328
25631	chr1	155222000	155223000	chr1:155222000-155223000	20	ATAC_bin_ratio	1	1.000000	1.005339	0.005339	1.000000	1.005339
25631	chr1	155222000	155223000	chr1:155222000-155223000	21	G4_overlapping_ATAC	0	0.000000	0.359581	0.359581	0.000000	0.359581
25631	chr1	155222000	155223000	chr1:155222000-155223000	22	NFR_overlapping_ATAC	1	0.000000	0.000072	0.000072	0.000000	0.000072
25631	chr1	155222000	155223000	chr1:155222000-155223000	23	Nucleosome_overlapping_ATAC	0	0.000000	0.657420	0.657420	0.000000	0.657420
25631	chr1	155222000	155223000	chr1:155222000-155223000	24	CTCF_overlapping_ATAC	0	1.000000	0.494144	0.505856	1.000000	0.494144
25631	chr1	155222000	155223000	chr1:155222000-155223000	25	Gata4_overlapping_ATAC	1	0.000000	0.001463	0.001463	0.000000	0.001463
25631	chr1	155222000	155223000	chr1:155222000-155223000	26	Gata6_overlapping_ATAC	0	0.000000	0.675480	0.675480	0.000000	0.675480
25631	chr1	155222000	155223000	chr1:155222000-155223000	27	H3K27ac_overlapping_ATAC	0	1.000000	0.786967	0.213033	1.000000	0.786967
25631	chr1	155222000	155223000	chr1:155222000-155223000	28	H3K27me3_overlapping_ATAC	1	0.000000	0.002277	0.002277	0.000000	0.002277
25631	chr1	155222000	155223000	chr1:155222000-155223000	29	H3K4me1_overlapping_ATAC	1	1.000000	0.999182	0.000818	1.000000	0.999182
25631	chr1	155222000	155223000	chr1:155222000-155223000	30	H3K4me3_overlapping_ATAC	0	1.000000	0.827110	0.172890	1.000000	0.827110
25631	chr1	155222000	155223000	chr1:155222000-155223000	31	Hand2_overlapping_ATAC	1	1.000000	1.000200	0.000200	1.000000	1.000200
25631	chr1	155222000	155223000	chr1:155222000-155223000	32	Isl1_overlapping_ATAC	1	0.000000	0.001286	0.001286	0.000000	0.001286
25631	chr1	155222000	155223000	chr1:155222000-155223000	33	Nkx2_5_overlapping_ATAC	1	0.000000	0.000436	0.000436	0.000000	0.000436
25631	chr1	155222000	155223000	chr1:155222000-155223000	34	Tbx5_overlapping_ATAC	0	0.000000	0.683649	0.683649	0.000000	0.683649
25631	chr1	155222000	155223000	chr1:155222000-155223000	35	Rloop_overlapping_ATAC	0	0.000000	0.560665	0.560665	0.000000	0.560665
25631	chr1	155222000	155223000	chr1:155222000-155223000	36	NFR_peak	1	0.000000	-0.000153	0.000153	0.000000	-0.001106
25631	chr1	155222000	155223000	chr1:155222000-155223000	37	NFR_self_ratio	1	0.000000	0.000755	0.000755	0.000000	0.000755
25631	chr1	155222000	155223000	chr1:155222000-155223000	38	NFR_bin_ratio	0	0.000000	0.567291	0.567291	0.000000	0.567291
25631	chr1	155222000	155223000	chr1:155222000-155223000	39	G4_overlapping_NFR	0	0.000000	0.575154	0.575154	0.000000	0.575154
25631	chr1	155222000	155223000	chr1:155222000-155223000	40	ATAC_overlapping_NFR	1	0.000000	0.001795	0.001795	0.000000	0.001795
25631	chr1	155222000	155223000	chr1:155222000-155223000	41	Nucleosome_overlapping_NFR	1	0.000000	-0.000552	0.000552	0.000000	-0.000552
25631	chr1	155222000	155223000	chr1:155222000-155223000	42	CTCF_overlapping_NFR	0	0.000000	0.699220	0.699220	0.000000	0.699220
25631	chr1	155222000	155223000	chr1:155222000-155223000	43	Gata4_overlapping_NFR	1	0.000000	0.001048	0.001048	0.000000	0.001048
25631	chr1	155222000	155223000	chr1:155222000-155223000	44	Gata6_overlapping_NFR	1	0.000000	0.000431	0.000431	0.000000	0.000431
25631	chr1	155222000	155223000	chr1:155222000-155223000	45	H3K27ac_overlapping_NFR	0	0.000000	0.484005	0.484005	0.000000	0.484005
25631	chr1	155222000	155223000	chr1:155222000-155223000	46	H3K27me3_overlapping_NFR	0	0.000000	0.772041	0.772041	0.000000	0.772041
25631	chr1	155222000	155223000	chr1:155222000-155223000	47	H3K4me1_overlapping_NFR	0	0.000000	0.683203	0.683203	0.000000	0.683203
25631	chr1	155222000	155223000	chr1:155222000-155223000	48	H3K4me3_overlapping_NFR	1	0.000000	-0.000429	0.000429	0.000000	-0.000429
25631	chr1	155222000	155223000	chr1:155222000-155223000	49	Hand2_overlapping_NFR	0	0.000000	0.575317	0.575317	0.000000	0.575317
25631	chr1	155222000	155223000	chr1:155222000-155223000	50	Isl1_overlapping_NFR	0	0.000000	0.528691	0.528691	0.000000	0.528691
25631	chr1	155222000	155223000	chr1:155222000-155223000	51	Nkx2_5_overlapping_NFR	1	0.000000	0.000511	0.000511	0.000000	0.000511
25631	chr1	155222000	155223000	chr1:155222000-155223000	52	Tbx5_overlapping_NFR	0	0.000000	0.655781	0.655781	0.000000	0.655781
25631	chr1	155222000	155223000	chr1:155222000-155223000	53	Rloop_overlapping_NFR	0	0.000000	0.677171	0.677171	0.000000	0.677171
25631	chr1	155222000	155223000	chr1:155222000-155223000	54	Nucleosome_peak	0	0.000000	0.414665	0.414665	0.000000	20.779628
25631	chr1	155222000	155223000	chr1:155222000-155223000	55	Nucleosome_self_ratio	0	0.000000	0.473478	0.473478	0.000000	0.473478
25631	chr1	155222000	155223000	chr1:155222000-155223000	56	Nucleosome_bin_ratio	0	0.000000	0.427893	0.427893	0.000000	0.427893
25631	chr1	155222000	155223000	chr1:155222000-155223000	57	G4_overlapping_Nucleosome	1	0.000000	0.000915	0.000915	0.000000	0.000915
25631	chr1	155222000	155223000	chr1:155222000-155223000	58	ATAC_overlapping_Nucleosome	1	0.000000	-0.000721	0.000721	0.000000	-0.000721
25631	chr1	155222000	155223000	chr1:155222000-155223000	59	NFR_overlapping_Nucleosome	0	0.000000	0.626271	0.626271	0.000000	0.626271
25631	chr1	155222000	155223000	chr1:155222000-155223000	60	CTCF_overlapping_Nucleosome	1	0.000000	-0.000321	0.000321	0.000000	-0.000321
25631	chr1	155222000	155223000	chr1:155222000-155223000	61	Gata4_overlapping_Nucleosome	1	0.000000	0.000684	0.000684	0.000000	0.000684
25631	chr1	155222000	155223000	chr1:155222000-155223000	62	Gata6_overlapping_Nucleosome	0	0.000000	0.660711	0.660711	0.000000	0.660711
25631	chr1	155222000	155223000	chr1:155222000-155223000	63	H3K27ac_overlapping_Nucleosome	0	0.000000	0.566279	0.566279	0.000000	0.566279
25631	chr1	155222000	155223000	chr1:155222000-155223000	64	H3K27me3_overlapping_Nucleosome	1	0.000000	0.000565	0.000565	0.000000	0.000565
25631	chr1	155222000	155223000	chr1:155222000-155223000	65	H3K4me1_overlapping_Nucleosome	0	0.000000	0.695571	0.695571	0.000000	0.695571
25631	chr1	155222000	155223000	chr1:155222000-155223000	66	H3K4me3_overlapping_Nucleosome	0	0.000000	0.593959	0.593959	0.000000	0.593959
25631	chr1	155222000	155223000	chr1:155222000-155223000	67	Hand2_overlapping_Nucleosome	0	0.000000	0.609382	0.609382	0.000000	0.609382
25631	chr1	155222000	155223000	chr1:155222000-155223000	68	Isl1_overlapping_Nucleosome	0	0.000000	0.617633	0.617633	0.000000	0.617633
25631	chr1	155222000	155223000	chr1:155222000-155223000	69	Nkx2_5_overlapping_Nucleosome	1	0.000000	0.001239	0.001239	0.000000	0.001239
25631	chr1	155222000	155223000	chr1:155222000-155223000	70	Tbx5_overlapping_Nucleosome	0	0.000000	0.610161	0.610161	0.000000	0.610161
25631	chr1	155222000	155223000	chr1:155222000-155223000	71	Rloop_overlapping_Nucleosome	0	0.000000	0.359625	0.359625	0.000000	0.359625
25631	chr1	155222000	155223000	chr1:155222000-155223000	72	CTCF_peak	1	0.832355	0.827320	0.005035	2381.679672	2272.198049
25631	chr1	155222000	155223000	chr1:155222000-155223000	73	CTCF_self_ratio	1	0.020000	0.035025	0.015025	0.020000	0.035025
25631	chr1	155222000	155223000	chr1:155222000-155223000	74	CTCF_bin_ratio	0	1.000000	0.569515	0.430485	1.000000	0.569515
25631	chr1	155222000	155223000	chr1:155222000-155223000	75	G4_overlapping_CTCF	0	0.000000	0.690111	0.690111	0.000000	0.690111
25631	chr1	155222000	155223000	chr1:155222000-155223000	76	ATAC_overlapping_CTCF	0	1.000000	0.583695	0.416305	1.000000	0.583695
25631	chr1	155222000	155223000	chr1:155222000-155223000	77	NFR_overlapping_CTCF	0	0.000000	0.614449	0.614449	0.000000	0.614449
25631	chr1	155222000	155223000	chr1:155222000-155223000	78	Nucleosome_overlapping_CTCF	1	0.000000	-0.000242	0.000242	0.000000	-0.000242
25631	chr1	155222000	155223000	chr1:155222000-155223000	79	Gata4_overlapping_CTCF	1	0.000000	-0.000814	0.000814	0.000000	-0.000814
25631	chr1	155222000	155223000	chr1:155222000-155223000	80	Gata6_overlapping_CTCF	1	0.000000	0.000595	0.000595	0.000000	0.000595
25631	chr1	155222000	155223000	chr1:155222000-155223000	81	H3K27ac_overlapping_CTCF	0	1.000000	0.564591	0.435409	1.000000	0.564591
25631	chr1	155222000	155223000	chr1:155222000-155223000	82	H3K27me3_overlapping_CTCF	0	0.000000	0.514226	0.514226	0.000000	0.514226
25631	chr1	155222000	155223000	chr1:155222000-155223000	83	H3K4me1_overlapping_CTCF	1	1.000000	1.001254	0.001254	1.000000	1.001254
25631	chr1	155222000	155223000	chr1:155222000-155223000	84	H3K4me3_overlapping_CTCF	1	1.000000	0.999266	0.000734	1.000000	0.999266
25631	chr1	155222000	155223000	chr1:155222000-155223000	85	Hand2_overlapping_CTCF	0	1.000000	0.551291	0.448709	1.000000	0.551291
25631	chr1	155222000	155223000	chr1:155222000-155223000	86	Isl1_overlapping_CTCF	1	0.000000	0.000323	0.000323	0.000000	0.000323
25631	chr1	155222000	155223000	chr1:155222000-155223000	87	Nkx2_5_overlapping_CTCF	1	0.000000	-0.000109	0.000109	0.000000	-0.000109
25631	chr1	155222000	155223000	chr1:155222000-155223000	88	Tbx5_overlapping_CTCF	0	0.000000	0.754155	0.754155	0.000000	0.754155
25631	chr1	155222000	155223000	chr1:155222000-155223000	89	Rloop_overlapping_CTCF	0	0.000000	0.445048	0.445048	0.000000	0.445048
25631	chr1	155222000	155223000	chr1:155222000-155223000	90	Gata4_peak	0	0.000000	0.531376	0.531376	0.000000	260.521505
25631	chr1	155222000	155223000	chr1:155222000-155223000	91	Gata4_self_ratio	0	0.000000	0.532088	0.532088	0.000000	0.532088
25631	chr1	155222000	155223000	chr1:155222000-155223000	92	Gata4_bin_ratio	1	0.000000	0.000542	0.000542	0.000000	0.000542
25631	chr1	155222000	155223000	chr1:155222000-155223000	93	G4_overlapping_Gata4	1	0.000000	0.000249	0.000249	0.000000	0.000249
25631	chr1	155222000	155223000	chr1:155222000-155223000	94	ATAC_overlapping_Gata4	0	0.000000	0.789141	0.789141	0.000000	0.789141
25631	chr1	155222000	155223000	chr1:155222000-155223000	95	NFR_overlapping_Gata4	0	0.000000	0.618926	0.618926	0.000000	0.618926
25631	chr1	155222000	155223000	chr1:155222000-155223000	96	Nucleosome_overlapping_Gata4	1	0.000000	0.000582	0.000582	0.000000	0.000582
25631	chr1	155222000	155223000	chr1:155222000-155223000	97	CTCF_overlapping_Gata4	0	0.000000	0.667908	0.667908	0.000000	0.667908
25631	chr1	155222000	155223000	chr1:155222000-155223000	98	Gata6_overlapping_Gata4	1	0.000000	-0.000205	0.000205	0.000000	-0.000205
25631	chr1	155222000	155223000	chr1:155222000-155223000	99	H3K27ac_overlapping_Gata4	1	0.000000	-0.000755	0.000755	0.000000	-0.000755
25631	chr1	155222000	155223000	chr1:155222000-155223000	100	H3K27me3_overlapping_Gata4	1	0.000000	0.000210	0.000210	0.000000	0.000210
25631	chr1	155222000	155223000	chr1:155222000-155223000	101	H3K4me1_overlapping_Gata4	1	0.000000	0.000715	0.000715	0.000000	0.000715
25631	chr1	155222000	155223000	chr1:155222000-155223000	102	H3K4me3_overlapping_Gata4	1	0.000000	-0.000704	0.000704	0.000000	-0.000704
25631	chr1	155222000	155223000	chr1:155222000-155223000	103	Hand2_overlapping_Gata4	0	0.000000	0.644175	0.644175	0.000000	0.644175
25631	chr1	155222000	155223000	chr1:155222000-155223000	104	Isl1_overlapping_Gata4	0	0.000000	0.679163	0.679163	0.000000	0.679163
25631	chr1	155222000	155223000	chr1:155222000-155223000	105	Nkx2_5_overlapping_Gata4	0	0.000000	0.723294	0.723294	0.000000	0.723294
25631	chr1	155222000	155223000	chr1:155222000-155223000	106	Tbx5_overlapping_Gata4	1	0.000000	-0.001145	0.001145	0.000000	-0.001145
25631	chr1	155222000	155223000	chr1:155222000-155223000	107	Rloop_overlapping_Gata4	1	0.000000	-0.000575	0.000575	0.000000	-0.000575
25631	chr1	155222000	155223000	chr1:155222000-155223000	108	Gata6_peak	1	0.000000	0.001076	0.001076	0.000000	0.010770
25631	chr1	155222000	155223000	chr1:155222000-155223000	109	Gata6_self_ratio	0	0.000000	0.512158	0.512158	0.000000	0.512158
25631	chr1	155222000	155223000	chr1:155222000-155223000	110	Gata6_bin_ratio	0	0.000000	0.402637	0.402637	0.000000	0.402637
25631	chr1	155222000	155223000	chr1:155222000-155223000	111	G4_overlapping_Gata6	1	0.000000	0.000179	0.000179	0.000000	0.000179
25631	chr1	155222000	155223000	chr1:155222000-155223000	112	ATAC_overlapping_Gata6	0	0.000000	0.417963	0.417963	0.000000	0.417963
25631	chr1	155222000	155223000	chr1:155222000-155223000	113	NFR_overlapping_Gata6	0	0.000000	0.624640	0.624640	0.000000	0.624640
25631	chr1	155222000	155223000	chr1:155222000-155223000	114	Nucleosome_overlapping_Gata6	0	0.000000	0.284461	0.284461	0.000000	0.284461
25631	chr1	155222000	155223000	chr1:155222000-155223000	115	CTCF_overlapping_Gata6	0	0.000000	0.617257	0.617257	0.000000	0.617257
25631	chr1	155222000	155223000	chr1:155222000-155223000	116	Gata4_overlapping_Gata6	0	0.000000	0.671622	0.671622	0.000000	0.671622
25631	chr1	155222000	155223000	chr1:155222000-155223000	117	H3K27ac_overlapping_Gata6	0	0.000000	0.485221	0.485221	0.000000	0.485221
25631	chr1	155222000	155223000	chr1:155222000-155223000	118	H3K27me3_overlapping_Gata6	0	0.000000	0.401164	0.401164	0.000000	0.401164
25631	chr1	155222000	155223000	chr1:155222000-155223000	119	H3K4me1_overlapping_Gata6	0	0.000000	0.489891	0.489891	0.000000	0.489891
25631	chr1	155222000	155223000	chr1:155222000-155223000	120	H3K4me3_overlapping_Gata6	0	0.000000	0.746652	0.746652	0.000000	0.746652
25631	chr1	155222000	155223000	chr1:155222000-155223000	121	Hand2_overlapping_Gata6	1	0.000000	0.000975	0.000975	0.000000	0.000975
25631	chr1	155222000	155223000	chr1:155222000-155223000	122	Isl1_overlapping_Gata6	0	0.000000	0.379109	0.379109	0.000000	0.379109
25631	chr1	155222000	155223000	chr1:155222000-155223000	123	Nkx2_5_overlapping_Gata6	1	0.000000	-0.000480	0.000480	0.000000	-0.000480
25631	chr1	155222000	155223000	chr1:155222000-155223000	124	Tbx5_overlapping_Gata6	1	0.000000	-0.000439	0.000439	0.000000	-0.000439
25631	chr1	155222000	155223000	chr1:155222000-155223000	125	Rloop_overlapping_Gata6	1	0.000000	0.000493	0.000493	0.000000	0.000493
25631	chr1	155222000	155223000	chr1:155222000-155223000	126	H3K27ac_peak	0	0.858976	0.767780	0.091197	2762.659440	1190.531700
25631	chr1	155222000	155223000	chr1:155222000-155223000	127	H3K27ac_self_ratio	1	0.020000	0.016335	0.003665	0.020000	0.016335
25631	chr1	155222000	155223000	chr1:155222000-155223000	128	H3K27ac_bin_ratio	0	1.000000	0.828574	0.171426	1.000000	0.828574
25631	chr1	155222000	155223000	chr1:155222000-155223000	129	G4_overlapping_H3K27ac	1	0.000000	-0.000442	0.000442	0.000000	-0.000442
25631	chr1	155222000	155223000	chr1:155222000-155223000	130	ATAC_overlapping_H3K27ac	0	1.000000	0.752411	0.247589	1.000000	0.752411
25631	chr1	155222000	155223000	chr1:155222000-155223000	131	NFR_overlapping_H3K27ac	0	0.000000	0.673981	0.673981	0.000000	0.673981
25631	chr1	155222000	155223000	chr1:155222000-155223000	132	Nucleosome_overlapping_H3K27ac	0	0.000000	0.679660	0.679660	0.000000	0.679660
25631	chr1	155222000	155223000	chr1:155222000-155223000	133	CTCF_overlapping_H3K27ac	0	1.000000	0.621916	0.378084	1.000000	0.621916
25631	chr1	155222000	155223000	chr1:155222000-155223000	134	Gata4_overlapping_H3K27ac	0	0.000000	0.490326	0.490326	0.000000	0.490326
25631	chr1	155222000	155223000	chr1:155222000-155223000	135	Gata6_overlapping_H3K27ac	0	0.000000	0.647140	0.647140	0.000000	0.647140
25631	chr1	155222000	155223000	chr1:155222000-155223000	136	H3K27me3_overlapping_H3K27ac	1	0.000000	0.000265	0.000265	0.000000	0.000265
25631	chr1	155222000	155223000	chr1:155222000-155223000	137	H3K4me1_overlapping_H3K27ac	0	1.000000	0.770042	0.229958	1.000000	0.770042
25631	chr1	155222000	155223000	chr1:155222000-155223000	138	H3K4me3_overlapping_H3K27ac	1	1.000000	0.999622	0.000378	1.000000	0.999622
25631	chr1	155222000	155223000	chr1:155222000-155223000	139	Hand2_overlapping_H3K27ac	1	1.000000	1.000901	0.000901	1.000000	1.000901
25631	chr1	155222000	155223000	chr1:155222000-155223000	140	Isl1_overlapping_H3K27ac	1	0.000000	-0.000450	0.000450	0.000000	-0.000450
25631	chr1	155222000	155223000	chr1:155222000-155223000	141	Nkx2_5_overlapping_H3K27ac	0	0.000000	0.643138	0.643138	0.000000	0.643138
25631	chr1	155222000	155223000	chr1:155222000-155223000	142	Tbx5_overlapping_H3K27ac	1	0.000000	-0.002390	0.002390	0.000000	-0.002390
25631	chr1	155222000	155223000	chr1:155222000-155223000	143	Rloop_overlapping_H3K27ac	0	0.000000	0.637432	0.637432	0.000000	0.637432
25631	chr1	155222000	155223000	chr1:155222000-155223000	144	H3K27me3_peak	0	0.000000	0.458370	0.458370	0.000000	278.315978
25631	chr1	155222000	155223000	chr1:155222000-155223000	145	H3K27me3_self_ratio	1	0.000000	0.000131	0.000131	0.000000	0.000131
25631	chr1	155222000	155223000	chr1:155222000-155223000	146	H3K27me3_bin_ratio	1	0.000000	-0.001926	0.001926	0.000000	-0.001926
25631	chr1	155222000	155223000	chr1:155222000-155223000	147	G4_overlapping_H3K27me3	0	0.000000	0.606022	0.606022	0.000000	0.606022
25631	chr1	155222000	155223000	chr1:155222000-155223000	148	ATAC_overlapping_H3K27me3	1	0.000000	0.000466	0.000466	0.000000	0.000466
25631	chr1	155222000	155223000	chr1:155222000-155223000	149	NFR_overlapping_H3K27me3	1	0.000000	0.000859	0.000859	0.000000	0.000859
25631	chr1	155222000	155223000	chr1:155222000-155223000	150	Nucleosome_overlapping_H3K27me3	0	0.000000	0.674621	0.674621	0.000000	0.674621
25631	chr1	155222000	155223000	chr1:155222000-155223000	151	CTCF_overlapping_H3K27me3	1	0.000000	-0.001688	0.001688	0.000000	-0.001688
25631	chr1	155222000	155223000	chr1:155222000-155223000	152	Gata4_overlapping_H3K27me3	0	0.000000	0.654495	0.654495	0.000000	0.654495
25631	chr1	155222000	155223000	chr1:155222000-155223000	153	Gata6_overlapping_H3K27me3	0	0.000000	0.565442	0.565442	0.000000	0.565442
25631	chr1	155222000	155223000	chr1:155222000-155223000	154	H3K27ac_overlapping_H3K27me3	0	0.000000	0.703925	0.703925	0.000000	0.703925
25631	chr1	155222000	155223000	chr1:155222000-155223000	155	H3K4me1_overlapping_H3K27me3	0	0.000000	0.586275	0.586275	0.000000	0.586275
25631	chr1	155222000	155223000	chr1:155222000-155223000	156	H3K4me3_overlapping_H3K27me3	0	0.000000	0.780390	0.780390	0.000000	0.780390
25631	chr1	155222000	155223000	chr1:155222000-155223000	157	Hand2_overlapping_H3K27me3	0	0.000000	0.698729	0.698729	0.000000	0.698729
25631	chr1	155222000	155223000	chr1:155222000-155223000	158	Isl1_overlapping_H3K27me3	1	0.000000	0.000473	0.000473	0.000000	0.000473
25631	chr1	155222000	155223000	chr1:155222000-155223000	159	Nkx2_5_overlapping_H3K27me3	0	0.000000	0.573574	0.573574	0.000000	0.573574
25631	chr1	155222000	155223000	chr1:155222000-155223000	160	Tbx5_overlapping_H3K27me3	1	0.000000	0.001047	0.001047	0.000000	0.001047
25631	chr1	155222000	155223000	chr1:155222000-155223000	161	Rloop_overlapping_H3K27me3	0	0.000000	0.735788	0.735788	0.000000	0.735788
25631	chr1	155222000	155223000	chr1:155222000-155223000	162	H3K4me1_peak	0	0.771298	0.896978	0.125679	2605.440373	9389.238165
25631	chr1	155222000	155223000	chr1:155222000-155223000	163	H3K4me1_self_ratio	0	0.040000	0.442568	0.402568	0.040000	0.442568
25631	chr1	155222000	155223000	chr1:155222000-155223000	164	H3K4me1_bin_ratio	1	1.000000	0.999623	0.000377	1.000000	0.999623
25631	chr1	155222000	155223000	chr1:155222000-155223000	165	G4_overlapping_H3K4me1	1	0.000000	0.001500	0.001500	0.000000	0.001500
25631	chr1	155222000	155223000	chr1:155222000-155223000	166	ATAC_overlapping_H3K4me1	0	1.000000	0.626560	0.373440	1.000000	0.626560
25631	chr1	155222000	155223000	chr1:155222000-155223000	167	NFR_overlapping_H3K4me1	0	0.000000	0.636082	0.636082	0.000000	0.636082
25631	chr1	155222000	155223000	chr1:155222000-155223000	168	Nucleosome_overlapping_H3K4me1	1	0.000000	-0.000173	0.000173	0.000000	-0.000173
25631	chr1	155222000	155223000	chr1:155222000-155223000	169	CTCF_overlapping_H3K4me1	0	1.000000	0.626407	0.373593	1.000000	0.626407
25631	chr1	155222000	155223000	chr1:155222000-155223000	170	Gata4_overlapping_H3K4me1	1	0.000000	-0.000819	0.000819	0.000000	-0.000819
25631	chr1	155222000	155223000	chr1:155222000-155223000	171	Gata6_overlapping_H3K4me1	1	0.000000	-0.000179	0.000179	0.000000	-0.000179
25631	chr1	155222000	155223000	chr1:155222000-155223000	172	H3K27ac_overlapping_H3K4me1	0	1.000000	0.720155	0.279845	1.000000	0.720155
25631	chr1	155222000	155223000	chr1:155222000-155223000	173	H3K27me3_overlapping_H3K4me1	0	0.000000	0.795454	0.795454	0.000000	0.795454
25631	chr1	155222000	155223000	chr1:155222000-155223000	174	H3K4me3_overlapping_H3K4me1	0	1.000000	0.710160	0.289840	1.000000	0.710160
25631	chr1	155222000	155223000	chr1:155222000-155223000	175	Hand2_overlapping_H3K4me1	0	1.000000	0.595952	0.404048	1.000000	0.595952
25631	chr1	155222000	155223000	chr1:155222000-155223000	176	Isl1_overlapping_H3K4me1	0	0.000000	0.448955	0.448955	0.000000	0.448955
25631	chr1	155222000	155223000	chr1:155222000-155223000	177	Nkx2_5_overlapping_H3K4me1	1	0.000000	-0.001021	0.001021	0.000000	-0.001021
25631	chr1	155222000	155223000	chr1:155222000-155223000	178	Tbx5_overlapping_H3K4me1	1	0.000000	0.000438	0.000438	0.000000	0.000438
25631	chr1	155222000	155223000	chr1:155222000-155223000	179	Rloop_overlapping_H3K4me1	1	0.000000	-0.000352	0.000352	0.000000	-0.000352
25631	chr1	155222000	155223000	chr1:155222000-155223000	180	H3K4me3_peak	0	0.743139	0.942902	0.199763	1513.099746	10838.530900
25631	chr1	155222000	155223000	chr1:155222000-155223000	181	H3K4me3_self_ratio	0	0.040000	0.760077	0.720077	0.040000	0.760077
25631	chr1	155222000	155223000	chr1:155222000-155223000	182	H3K4me3_bin_ratio	0	1.000000	0.693368	0.306632	1.000000	0.693368
25631	chr1	155222000	155223000	chr1:155222000-155223000	183	G4_overlapping_H3K4me3	1	0.000000	-0.000430	0.000430	0.000000	-0.000430
25631	chr1	155222000	155223000	chr1:155222000-155223000	184	ATAC_overlapping_H3K4me3	0	1.000000	0.760106	0.239894	1.000000	0.760106
25631	chr1	155222000	155223000	chr1:155222000-155223000	185	NFR_overlapping_H3K4me3	0	0.000000	0.572956	0.572956	0.000000	0.572956
25631	chr1	155222000	155223000	chr1:155222000-155223000	186	Nucleosome_overlapping_H3K4me3	0	0.000000	0.620712	0.620712	0.000000	0.620712
25631	chr1	155222000	155223000	chr1:155222000-155223000	187	CTCF_overlapping_H3K4me3	1	1.000000	0.998012	0.001988	1.000000	0.998012
25631	chr1	155222000	155223000	chr1:155222000-155223000	188	Gata4_overlapping_H3K4me3	1	0.000000	0.002024	0.002024	0.000000	0.002024
25631	chr1	155222000	155223000	chr1:155222000-155223000	189	Gata6_overlapping_H3K4me3	1	0.000000	0.000895	0.000895	0.000000	0.000895
25631	chr1	155222000	155223000	chr1:155222000-155223000	190	H3K27ac_overlapping_H3K4me3	1	1.000000	1.004689	0.004689	1.000000	1.004689
25631	chr1	155222000	155223000	chr1:155222000-155223000	191	H3K27me3_overlapping_H3K4me3	1	0.000000	0.000772	0.000772	0.000000	0.000772
25631	chr1	155222000	155223000	chr1:155222000-155223000	192	H3K4me1_overlapping_H3K4me3	1	1.000000	1.003188	0.003188	1.000000	1.003188
25631	chr1	155222000	155223000	chr1:155222000-155223000	193	Hand2_overlapping_H3K4me3	0	1.000000	0.550235	0.449765	1.000000	0.550235
25631	chr1	155222000	155223000	chr1:155222000-155223000	194	Isl1_overlapping_H3K4me3	1	0.000000	0.000315	0.000315	0.000000	0.000315
25631	chr1	155222000	155223000	chr1:155222000-155223000	195	Nkx2_5_overlapping_H3K4me3	1	0.000000	0.000826	0.000826	0.000000	0.000826
25631	chr1	155222000	155223000	chr1:155222000-155223000	196	Tbx5_overlapping_H3K4me3	1	0.000000	-0.000035	0.000035	0.000000	-0.000035
25631	chr1	155222000	155223000	chr1:155222000-155223000	197	Rloop_overlapping_H3K4me3	0	0.000000	0.458568	0.458568	0.000000	0.458568
25631	chr1	155222000	155223000	chr1:155222000-155223000	198	Hand2_peak	0	0.722958	0.623309	0.099649	1716.540125	614.207089
25631	chr1	155222000	155223000	chr1:155222000-155223000	199	Hand2_self_ratio	0	0.030000	0.333703	0.303703	0.030000	0.333703
25631	chr1	155222000	155223000	chr1:155222000-155223000	200	Hand2_bin_ratio	1	1.000000	1.004582	0.004582	1.000000	1.004582
25631	chr1	155222000	155223000	chr1:155222000-155223000	201	G4_overlapping_Hand2	0	0.000000	0.728368	0.728368	0.000000	0.728368
25631	chr1	155222000	155223000	chr1:155222000-155223000	202	ATAC_overlapping_Hand2	0	1.000000	0.660074	0.339926	1.000000	0.660074
25631	chr1	155222000	155223000	chr1:155222000-155223000	203	NFR_overlapping_Hand2	1	0.000000	-0.000251	0.000251	0.000000	-0.000251
25631	chr1	155222000	155223000	chr1:155222000-155223000	204	Nucleosome_overlapping_Hand2	0	0.000000	0.663096	0.663096	0.000000	0.663096
25631	chr1	155222000	155223000	chr1:155222000-155223000	205	CTCF_overlapping_Hand2	0	1.000000	0.514401	0.485599	1.000000	0.514401
25631	chr1	155222000	155223000	chr1:155222000-155223000	206	Gata4_overlapping_Hand2	1	0.000000	0.000160	0.000160	0.000000	0.000160
25631	chr1	155222000	155223000	chr1:155222000-155223000	207	Gata6_overlapping_Hand2	0	0.000000	0.544797	0.544797	0.000000	0.544797
25631	chr1	155222000	155223000	chr1:155222000-155223000	208	H3K27ac_overlapping_Hand2	1	1.000000	1.001903	0.001903	1.000000	1.001903
25631	chr1	155222000	155223000	chr1:155222000-155223000	209	H3K27me3_overlapping_Hand2	0	0.000000	0.526067	0.526067	0.000000	0.526067
25631	chr1	155222000	155223000	chr1:155222000-155223000	210	H3K4me1_overlapping_Hand2	0	1.000000	0.671559	0.328441	1.000000	0.671559
25631	chr1	155222000	155223000	chr1:155222000-155223000	211	H3K4me3_overlapping_Hand2	1	1.000000	0.998856	0.001144	1.000000	0.998856
25631	chr1	155222000	155223000	chr1:155222000-155223000	212	Isl1_overlapping_Hand2	0	0.000000	0.581674	0.581674	0.000000	0.581674
25631	chr1	155222000	155223000	chr1:155222000-155223000	213	Nkx2_5_overlapping_Hand2	0	0.000000	0.702987	0.702987	0.000000	0.702987
25631	chr1	155222000	155223000	chr1:155222000-155223000	214	Tbx5_overlapping_Hand2	0	0.000000	0.678138	0.678138	0.000000	0.678138
25631	chr1	155222000	155223000	chr1:155222000-155223000	215	Rloop_overlapping_Hand2	0	0.000000	0.496422	0.496422	0.000000	0.496422
25631	chr1	155222000	155223000	chr1:155222000-155223000	216	Isl1_peak	0	0.000000	0.623847	0.623847	0.000000	63.068383
25631	chr1	155222000	155223000	chr1:155222000-155223000	217	Isl1_self_ratio	1	0.000000	-0.000257	0.000257	0.000000	-0.000257
25631	chr1	155222000	155223000	chr1:155222000-155223000	218	Isl1_bin_ratio	1	0.000000	-0.001234	0.001234	0.000000	-0.001234
25631	chr1	155222000	155223000	chr1:155222000-155223000	219	G4_overlapping_Isl1	1	0.000000	0.000274	0.000274	0.000000	0.000274
25631	chr1	155222000	155223000	chr1:155222000-155223000	220	ATAC_overlapping_Isl1	0	0.000000	0.633593	0.633593	0.000000	0.633593
25631	chr1	155222000	155223000	chr1:155222000-155223000	221	NFR_overlapping_Isl1	1	0.000000	0.000604	0.000604	0.000000	0.000604
25631	chr1	155222000	155223000	chr1:155222000-155223000	222	Nucleosome_overlapping_Isl1	0	0.000000	0.696475	0.696475	0.000000	0.696475
25631	chr1	155222000	155223000	chr1:155222000-155223000	223	CTCF_overlapping_Isl1	0	0.000000	0.620897	0.620897	0.000000	0.620897
25631	chr1	155222000	155223000	chr1:155222000-155223000	224	Gata4_overlapping_Isl1	0	0.000000	0.581969	0.581969	0.000000	0.581969
25631	chr1	155222000	155223000	chr1:155222000-155223000	225	Gata6_overlapping_Isl1	1	0.000000	0.000507	0.000507	0.000000	0.000507
25631	chr1	155222000	155223000	chr1:155222000-155223000	226	H3K27ac_overlapping_Isl1	0	0.000000	0.669073	0.669073	0.000000	0.669073
25631	chr1	155222000	155223000	chr1:155222000-155223000	227	H3K27me3_overlapping_Isl1	1	0.000000	-0.000079	0.000079	0.000000	-0.000079
25631	chr1	155222000	155223000	chr1:155222000-155223000	228	H3K4me1_overlapping_Isl1	0	0.000000	0.690074	0.690074	0.000000	0.690074
25631	chr1	155222000	155223000	chr1:155222000-155223000	229	H3K4me3_overlapping_Isl1	0	0.000000	0.464567	0.464567	0.000000	0.464567
25631	chr1	155222000	155223000	chr1:155222000-155223000	230	Hand2_overlapping_Isl1	0	0.000000	0.616779	0.616779	0.000000	0.616779
25631	chr1	155222000	155223000	chr1:155222000-155223000	231	Nkx2_5_overlapping_Isl1	0	0.000000	0.470247	0.470247	0.000000	0.470247
25631	chr1	155222000	155223000	chr1:155222000-155223000	232	Tbx5_overlapping_Isl1	1	0.000000	-0.000185	0.000185	0.000000	-0.000185
25631	chr1	155222000	155223000	chr1:155222000-155223000	233	Rloop_overlapping_Isl1	0	0.000000	0.513363	0.513363	0.000000	0.513363
25631	chr1	155222000	155223000	chr1:155222000-155223000	234	Nkx2_5_peak	1	0.000000	0.001107	0.001107	0.000000	0.009222
25631	chr1	155222000	155223000	chr1:155222000-155223000	235	Nkx2_5_self_ratio	1	0.000000	0.002084	0.002084	0.000000	0.002084
25631	chr1	155222000	155223000	chr1:155222000-155223000	236	Nkx2_5_bin_ratio	0	0.000000	0.602283	0.602283	0.000000	0.602283
25631	chr1	155222000	155223000	chr1:155222000-155223000	237	G4_overlapping_Nkx2_5	0	0.000000	0.557431	0.557431	0.000000	0.557431
25631	chr1	155222000	155223000	chr1:155222000-155223000	238	ATAC_overlapping_Nkx2_5	0	0.000000	0.603166	0.603166	0.000000	0.603166
25631	chr1	155222000	155223000	chr1:155222000-155223000	239	NFR_overlapping_Nkx2_5	0	0.000000	0.440606	0.440606	0.000000	0.440606
25631	chr1	155222000	155223000	chr1:155222000-155223000	240	Nucleosome_overlapping_Nkx2_5	0	0.000000	0.552456	0.552456	0.000000	0.552456
25631	chr1	155222000	155223000	chr1:155222000-155223000	241	CTCF_overlapping_Nkx2_5	0	0.000000	0.441678	0.441678	0.000000	0.441678
25631	chr1	155222000	155223000	chr1:155222000-155223000	242	Gata4_overlapping_Nkx2_5	1	0.000000	0.000387	0.000387	0.000000	0.000387
25631	chr1	155222000	155223000	chr1:155222000-155223000	243	Gata6_overlapping_Nkx2_5	1	0.000000	0.000322	0.000322	0.000000	0.000322
25631	chr1	155222000	155223000	chr1:155222000-155223000	244	H3K27ac_overlapping_Nkx2_5	1	0.000000	-0.000868	0.000868	0.000000	-0.000868
25631	chr1	155222000	155223000	chr1:155222000-155223000	245	H3K27me3_overlapping_Nkx2_5	0	0.000000	0.611955	0.611955	0.000000	0.611955
25631	chr1	155222000	155223000	chr1:155222000-155223000	246	H3K4me1_overlapping_Nkx2_5	1	0.000000	0.001289	0.001289	0.000000	0.001289
25631	chr1	155222000	155223000	chr1:155222000-155223000	247	H3K4me3_overlapping_Nkx2_5	0	0.000000	0.525739	0.525739	0.000000	0.525739
25631	chr1	155222000	155223000	chr1:155222000-155223000	248	Hand2_overlapping_Nkx2_5	0	0.000000	0.499807	0.499807	0.000000	0.499807
25631	chr1	155222000	155223000	chr1:155222000-155223000	249	Isl1_overlapping_Nkx2_5	1	0.000000	0.000640	0.000640	0.000000	0.000640
25631	chr1	155222000	155223000	chr1:155222000-155223000	250	Tbx5_overlapping_Nkx2_5	0	0.000000	0.545300	0.545300	0.000000	0.545300
25631	chr1	155222000	155223000	chr1:155222000-155223000	251	Rloop_overlapping_Nkx2_5	0	0.000000	0.403428	0.403428	0.000000	0.403428
25631	chr1	155222000	155223000	chr1:155222000-155223000	252	Tbx5_peak	0	0.000000	0.756477	0.756477	0.000000	318.896272
25631	chr1	155222000	155223000	chr1:155222000-155223000	253	Tbx5_self_ratio	0	0.000000	0.478527	0.478527	0.000000	0.478527
25631	chr1	155222000	155223000	chr1:155222000-155223000	254	Tbx5_bin_ratio	0	0.000000	0.588134	0.588134	0.000000	0.588134
25631	chr1	155222000	155223000	chr1:155222000-155223000	255	G4_overlapping_Tbx5	1	0.000000	-0.000073	0.000073	0.000000	-0.000073
25631	chr1	155222000	155223000	chr1:155222000-155223000	256	ATAC_overlapping_Tbx5	0	0.000000	0.984991	0.984991	0.000000	0.984991
25631	chr1	155222000	155223000	chr1:155222000-155223000	257	NFR_overlapping_Tbx5	0	0.000000	0.742814	0.742814	0.000000	0.742814
25631	chr1	155222000	155223000	chr1:155222000-155223000	258	Nucleosome_overlapping_Tbx5	1	0.000000	0.000365	0.000365	0.000000	0.000365
25631	chr1	155222000	155223000	chr1:155222000-155223000	259	CTCF_overlapping_Tbx5	0	0.000000	0.760400	0.760400	0.000000	0.760400
25631	chr1	155222000	155223000	chr1:155222000-155223000	260	Gata4_overlapping_Tbx5	0	0.000000	0.654053	0.654053	0.000000	0.654053
25631	chr1	155222000	155223000	chr1:155222000-155223000	261	Gata6_overlapping_Tbx5	0	0.000000	0.596581	0.596581	0.000000	0.596581
25631	chr1	155222000	155223000	chr1:155222000-155223000	262	H3K27ac_overlapping_Tbx5	0	0.000000	0.645552	0.645552	0.000000	0.645552
25631	chr1	155222000	155223000	chr1:155222000-155223000	263	H3K27me3_overlapping_Tbx5	0	0.000000	0.454529	0.454529	0.000000	0.454529
25631	chr1	155222000	155223000	chr1:155222000-155223000	264	H3K4me1_overlapping_Tbx5	1	0.000000	0.001900	0.001900	0.000000	0.001900
25631	chr1	155222000	155223000	chr1:155222000-155223000	265	H3K4me3_overlapping_Tbx5	0	0.000000	0.776093	0.776093	0.000000	0.776093
25631	chr1	155222000	155223000	chr1:155222000-155223000	266	Hand2_overlapping_Tbx5	0	0.000000	0.540310	0.540310	0.000000	0.540310
25631	chr1	155222000	155223000	chr1:155222000-155223000	267	Isl1_overlapping_Tbx5	0	0.000000	0.583751	0.583751	0.000000	0.583751
25631	chr1	155222000	155223000	chr1:155222000-155223000	268	Nkx2_5_overlapping_Tbx5	1	0.000000	-0.000460	0.000460	0.000000	-0.000460
25631	chr1	155222000	155223000	chr1:155222000-155223000	269	Rloop_overlapping_Tbx5	0	0.000000	0.434732	0.434732	0.000000	0.434732
25631	chr1	155222000	155223000	chr1:155222000-155223000	270	Rloop_peak	0	0.000000	0.674980	0.674980	0.000000	31.540704
25631	chr1	155222000	155223000	chr1:155222000-155223000	271	Rloop_self_ratio	0	0.000000	0.674397	0.674397	0.000000	0.674397
25631	chr1	155222000	155223000	chr1:155222000-155223000	272	Rloop_bin_ratio	1	0.000000	0.000267	0.000267	0.000000	0.000267
25631	chr1	155222000	155223000	chr1:155222000-155223000	273	G4_overlapping_Rloop	0	0.000000	0.502169	0.502169	0.000000	0.502169
25631	chr1	155222000	155223000	chr1:155222000-155223000	274	ATAC_overlapping_Rloop	1	0.000000	-0.000515	0.000515	0.000000	-0.000515
25631	chr1	155222000	155223000	chr1:155222000-155223000	275	NFR_overlapping_Rloop	0	0.000000	0.730340	0.730340	0.000000	0.730340
25631	chr1	155222000	155223000	chr1:155222000-155223000	276	Nucleosome_overlapping_Rloop	1	0.000000	0.000777	0.000777	0.000000	0.000777
25631	chr1	155222000	155223000	chr1:155222000-155223000	277	CTCF_overlapping_Rloop	0	0.000000	0.681848	0.681848	0.000000	0.681848
25631	chr1	155222000	155223000	chr1:155222000-155223000	278	Gata4_overlapping_Rloop	1	0.000000	0.000273	0.000273	0.000000	0.000273
25631	chr1	155222000	155223000	chr1:155222000-155223000	279	Gata6_overlapping_Rloop	0	0.000000	0.456182	0.456182	0.000000	0.456182
25631	chr1	155222000	155223000	chr1:155222000-155223000	280	H3K27ac_overlapping_Rloop	1	0.000000	0.001309	0.001309	0.000000	0.001309
25631	chr1	155222000	155223000	chr1:155222000-155223000	281	H3K27me3_overlapping_Rloop	0	0.000000	0.457396	0.457396	0.000000	0.457396
25631	chr1	155222000	155223000	chr1:155222000-155223000	282	H3K4me1_overlapping_Rloop	0	0.000000	0.496472	0.496472	0.000000	0.496472
25631	chr1	155222000	155223000	chr1:155222000-155223000	283	H3K4me3_overlapping_Rloop	0	0.000000	0.413916	0.413916	0.000000	0.413916
25631	chr1	155222000	155223000	chr1:155222000-155223000	284	Hand2_overlapping_Rloop	1	0.000000	0.002323	0.002323	0.000000	0.002323
25631	chr1	155222000	155223000	chr1:155222000-155223000	285	Isl1_overlapping_Rloop	0	0.000000	0.623659	0.623659	0.000000	0.623659
25631	chr1	155222000	155223000	chr1:155222000-155223000	286	Nkx2_5_overlapping_Rloop	1	0.000000	-0.000810	0.000810	0.000000	-0.000810
25631	chr1	155222000	155223000	chr1:155222000-155223000	287	Tbx5_overlapping_Rloop	0	0.000000	0.549415	0.549415	0.000000	0.549415
168766	chr5	73317000	73318000	chr5:73317000-73318000	0	G4_peak	1	0.000000	0.000079	0.000079	0.000000	0.000416
168766	chr5	73317000	73318000	chr5:73317000-73318000	1	G4_self_ratio	1	0.000000	0.000108	0.000108	0.000000	0.000108
168766	chr5	73317000	73318000	chr5:73317000-73318000	2	G4_bin_ratio	0	0.000000	0.370554	0.370554	0.000000	0.370554
168766	chr5	73317000	73318000	chr5:73317000-73318000	3	ATAC_overlapping_G4	0	0.000000	0.452883	0.452883	0.000000	0.452883
168766	chr5	73317000	73318000	chr5:73317000-73318000	4	NFR_overlapping_G4	0	0.000000	0.208313	0.208313	0.000000	0.208313
168766	chr5	73317000	73318000	chr5:73317000-73318000	5	Nucleosome_overlapping_G4	0	0.000000	0.140877	0.140877	0.000000	0.140877
168766	chr5	73317000	73318000	chr5:73317000-73318000	6	CTCF_overlapping_G4	0	0.000000	0.318563	0.318563	0.000000	0.318563
168766	chr5	73317000	73318000	chr5:73317000-73318000	7	Gata4_overlapping_G4	0	0.000000	0.208472	0.208472	0.000000	0.208472
168766	chr5	73317000	73318000	chr5:73317000-73318000	8	Gata6_overlapping_G4	1	0.000000	0.000169	0.000169	0.000000	0.000169
168766	chr5	73317000	73318000	chr5:73317000-73318000	9	H3K27ac_overlapping_G4	0	0.000000	0.205856	0.205856	0.000000	0.205856
168766	chr5	73317000	73318000	chr5:73317000-73318000	10	H3K27me3_overlapping_G4	1	0.000000	0.000033	0.000033	0.000000	0.000033
168766	chr5	73317000	73318000	chr5:73317000-73318000	11	H3K4me1_overlapping_G4	1	0.000000	-0.000574	0.000574	0.000000	-0.000574
168766	chr5	73317000	73318000	chr5:73317000-73318000	12	H3K4me3_overlapping_G4	0	0.000000	0.286180	0.286180	0.000000	0.286180
168766	chr5	73317000	73318000	chr5:73317000-73318000	13	Hand2_overlapping_G4	1	0.000000	-0.000451	0.000451	0.000000	-0.000451
168766	chr5	73317000	73318000	chr5:73317000-73318000	14	Isl1_overlapping_G4	0	0.000000	0.173958	0.173958	0.000000	0.173958
168766	chr5	73317000	73318000	chr5:73317000-73318000	15	Nkx2_5_overlapping_G4	1	0.000000	-0.002124	0.002124	0.000000	-0.002124
168766	chr5	73317000	73318000	chr5:73317000-73318000	16	Tbx5_overlapping_G4	0	0.000000	0.332733	0.332733	0.000000	0.332733
168766	chr5	73317000	73318000	chr5:73317000-73318000	17	Rloop_overlapping_G4	0	0.000000	0.382057	0.382057	0.000000	0.382057
168766	chr5	73317000	73318000	chr5:73317000-73318000	18	ATAC_peak	1	0.000000	0.004964	0.004964	0.000000	0.039368
168766	chr5	73317000	73318000	chr5:73317000-73318000	19	ATAC_self_ratio	0	0.000000	0.151569	0.151569	0.000000	0.151569
168766	chr5	73317000	73318000	chr5:73317000-73318000	20	ATAC_bin_ratio	1	0.000000	-0.000168	0.000168	0.000000	-0.000168
168766	chr5	73317000	73318000	chr5:73317000-73318000	21	G4_overlapping_ATAC	0	0.000000	0.268258	0.268258	0.000000	0.268258
168766	chr5	73317000	73318000	chr5:73317000-73318000	22	NFR_overlapping_ATAC	0	0.000000	0.363677	0.363677	0.000000	0.363677
168766	chr5	73317000	73318000	chr5:73317000-73318000	23	Nucleosome_overlapping_ATAC	1	0.000000	-0.000349	0.000349	0.000000	-0.000349
168766	chr5	73317000	73318000	chr5:73317000-73318000	24	CTCF_overlapping_ATAC	0	0.000000	0.271174	0.271174	0.000000	0.271174
168766	chr5	73317000	73318000	chr5:73317000-73318000	25	Gata4_overlapping_ATAC	0	0.000000	0.323003	0.323003	0.000000	0.323003
168766	chr5	73317000	73318000	chr5:73317000-73318000	26	Gata6_overlapping_ATAC	0	0.000000	0.208766	0.208766	0.000000	0.208766
168766	chr5	73317000	73318000	chr5:73317000-73318000	27	H3K27ac_overlapping_ATAC	0	0.000000	0.191145	0.191145	0.000000	0.191145
168766	chr5	73317000	73318000	chr5:73317000-73318000	28	H3K27me3_overlapping_ATAC	0	0.000000	0.212296	0.212296	0.000000	0.212296
168766	chr5	73317000	73318000	chr5:73317000-73318000	29	H3K4me1_overlapping_ATAC	0	0.000000	0.223286	0.223286	0.000000	0.223286
168766	chr5	73317000	73318000	chr5:73317000-73318000	30	H3K4me3_overlapping_ATAC	0	0.000000	0.369379	0.369379	0.000000	0.369379
168766	chr5	73317000	73318000	chr5:73317000-73318000	31	Hand2_overlapping_ATAC	1	0.000000	-0.000914	0.000914	0.000000	-0.000914
168766	chr5	73317000	73318000	chr5:73317000-73318000	32	Isl1_overlapping_ATAC	0	0.000000	0.487518	0.487518	0.000000	0.487518
168766	chr5	73317000	73318000	chr5:73317000-73318000	33	Nkx2_5_overlapping_ATAC	0	0.000000	0.366350	0.366350	0.000000	0.366350
168766	chr5	73317000	73318000	chr5:73317000-73318000	34	Tbx5_overlapping_ATAC	0	0.000000	0.366711	0.366711	0.000000	0.366711
168766	chr5	73317000	73318000	chr5:73317000-73318000	35	Rloop_overlapping_ATAC	1	0.000000	-0.001107	0.001107	0.000000	-0.001107
168766	chr5	73317000	73318000	chr5:73317000-73318000	36	NFR_peak	0	0.000000	0.370289	0.370289	0.000000	13.579997
168766	chr5	73317000	73318000	chr5:73317000-73318000	37	NFR_self_ratio	0	0.000000	0.425962	0.425962	0.000000	0.425962
168766	chr5	73317000	73318000	chr5:73317000-73318000	38	NFR_bin_ratio	0	0.000000	0.450420	0.450420	0.000000	0.450420
168766	chr5	73317000	73318000	chr5:73317000-73318000	39	G4_overlapping_NFR	0	0.000000	0.315275	0.315275	0.000000	0.315275
168766	chr5	73317000	73318000	chr5:73317000-73318000	40	ATAC_overlapping_NFR	0	0.000000	0.320655	0.320655	0.000000	0.320655
168766	chr5	73317000	73318000	chr5:73317000-73318000	41	Nucleosome_overlapping_NFR	1	0.000000	-0.000826	0.000826	0.000000	-0.000826
168766	chr5	73317000	73318000	chr5:73317000-73318000	42	CTCF_overlapping_NFR	1	0.000000	-0.000342	0.000342	0.000000	-0.000342
168766	chr5	73317000	73318000	chr5:73317000-73318000	43	Gata4_overlapping_NFR	0	0.000000	0.198422	0.198422	0.000000	0.198422
168766	chr5	73317000	73318000	chr5:73317000-73318000	44	Gata6_overlapping_NFR	0	0.000000	0.260905	0.260905	0.000000	0.260905
168766	chr5	73317000	73318000	chr5:73317000-73318000	45	H3K27ac_overlapping_NFR	1	0.000000	-0.000263	0.000263	0.000000	-0.000263
168766	chr5	73317000	73318000	chr5:73317000-73318000	46	H3K27me3_overlapping_NFR	0	0.000000	0.262305	0.262305	0.000000	0.262305
168766	chr5	73317000	73318000	chr5:73317000-73318000	47	H3K4me1_overlapping_NFR	1	0.000000	-0.000029	0.000029	0.000000	-0.000029
168766	chr5	73317000	73318000	chr5:73317000-73318000	48	H3K4me3_overlapping_NFR	0	0.000000	0.370010	0.370010	0.000000	0.370010
168766	chr5	73317000	73318000	chr5:73317000-73318000	49	Hand2_overlapping_NFR	0	0.000000	0.521996	0.521996	0.000000	0.521996
168766	chr5	73317000	73318000	chr5:73317000-73318000	50	Isl1_overlapping_NFR	1	0.000000	0.000791	0.000791	0.000000	0.000791
168766	chr5	73317000	73318000	chr5:73317000-73318000	51	Nkx2_5_overlapping_NFR	1	0.000000	-0.000015	0.000015	0.000000	-0.000015
168766	chr5	73317000	73318000	chr5:73317000-73318000	52	Tbx5_overlapping_NFR	0	0.000000	0.201029	0.201029	0.000000	0.201029
168766	chr5	73317000	73318000	chr5:73317000-73318000	53	Rloop_overlapping_NFR	1	0.000000	-0.000545	0.000545	0.000000	-0.000545
168766	chr5	73317000	73318000	chr5:73317000-73318000	54	Nucleosome_peak	0	0.000000	0.222793	0.222793	0.000000	4.234968
168766	chr5	73317000	73318000	chr5:73317000-73318000	55	Nucleosome_self_ratio	0	0.000000	0.311914	0.311914	0.000000	0.311914
168766	chr5	73317000	73318000	chr5:73317000-73318000	56	Nucleosome_bin_ratio	1	0.000000	0.004411	0.004411	0.000000	0.004411
168766	chr5	73317000	73318000	chr5:73317000-73318000	57	G4_overlapping_Nucleosome	0	0.000000	0.245131	0.245131	0.000000	0.245131
168766	chr5	73317000	73318000	chr5:73317000-73318000	58	ATAC_overlapping_Nucleosome	1	0.000000	0.000195	0.000195	0.000000	0.000195
168766	chr5	73317000	73318000	chr5:73317000-73318000	59	NFR_overlapping_Nucleosome	1	0.000000	0.001073	0.001073	0.000000	0.001073
168766	chr5	73317000	73318000	chr5:73317000-73318000	60	CTCF_overlapping_Nucleosome	0	0.000000	0.525218	0.525218	0.000000	0.525218
168766	chr5	73317000	73318000	chr5:73317000-73318000	61	Gata4_overlapping_Nucleosome	1	0.000000	0.001576	0.001576	0.000000	0.001576
168766	chr5	73317000	73318000	chr5:73317000-73318000	62	Gata6_overlapping_Nucleosome	1	0.000000	0.000500	0.000500	0.000000	0.000500
168766	chr5	73317000	73318000	chr5:73317000-73318000	63	H3K27ac_overlapping_Nucleosome	0	0.000000	0.523221	0.523221	0.000000	0.523221
168766	chr5	73317000	73318000	chr5:73317000-73318000	64	H3K27me3_overlapping_Nucleosome	1	0.000000	-0.000157	0.000157	0.000000	-0.000157
168766	chr5	73317000	73318000	chr5:73317000-73318000	65	H3K4me1_overlapping_Nucleosome	1	0.000000	-0.000690	0.000690	0.000000	-0.000690
168766	chr5	73317000	73318000	chr5:73317000-73318000	66	H3K4me3_overlapping_Nucleosome	0	0.000000	0.555808	0.555808	0.000000	0.555808
168766	chr5	73317000	73318000	chr5:73317000-73318000	67	Hand2_overlapping_Nucleosome	1	0.000000	0.000405	0.000405	0.000000	0.000405
168766	chr5	73317000	73318000	chr5:73317000-73318000	68	Isl1_overlapping_Nucleosome	0	0.000000	0.491690	0.491690	0.000000	0.491690
168766	chr5	73317000	73318000	chr5:73317000-73318000	69	Nkx2_5_overlapping_Nucleosome	0	0.000000	0.184803	0.184803	0.000000	0.184803
168766	chr5	73317000	73318000	chr5:73317000-73318000	70	Tbx5_overlapping_Nucleosome	1	0.000000	0.001086	0.001086	0.000000	0.001086
168766	chr5	73317000	73318000	chr5:73317000-73318000	71	Rloop_overlapping_Nucleosome	1	0.000000	0.001907	0.001907	0.000000	0.001907
168766	chr5	73317000	73318000	chr5:73317000-73318000	72	CTCF_peak	1	0.000000	0.252145	0.252145	0.000000	9.544150
168766	chr5	73317000	73318000	chr5:73317000-73318000	73	CTCF_self_ratio	1	0.000000	0.073986	0.073986	0.000000	0.073986
168766	chr5	73317000	73318000	chr5:73317000-73318000	74	CTCF_bin_ratio	1	0.000000	0.310600	0.310600	0.000000	0.310600
168766	chr5	73317000	73318000	chr5:73317000-73318000	75	G4_overlapping_CTCF	1	0.000000	-0.000052	0.000052	0.000000	-0.000052
168766	chr5	73317000	73318000	chr5:73317000-73318000	76	ATAC_overlapping_CTCF	1	0.000000	-0.003142	0.003142	0.000000	-0.003142
168766	chr5	73317000	73318000	chr5:73317000-73318000	77	NFR_overlapping_CTCF	0	0.000000	0.363402	0.363402	0.000000	0.363402
168766	chr5	73317000	73318000	chr5:73317000-73318000	78	Nucleosome_overlapping_CTCF	0	0.000000	0.514002	0.514002	0.000000	0.514002
168766	chr5	73317000	73318000	chr5:73317000-73318000	79	Gata4_overlapping_CTCF	0	0.000000	0.289339	0.289339	0.000000	0.289339
168766	chr5	73317000	73318000	chr5:73317000-73318000	80	Gata6_overlapping_CTCF	1	0.000000	0.002464	0.002464	0.000000	0.002464
168766	chr5	73317000	73318000	chr5:73317000-73318000	81	H3K27ac_overlapping_CTCF	0	0.000000	0.387524	0.387524	0.000000	0.387524
168766	chr5	73317000	73318000	chr5:73317000-73318000	82	H3K27me3_overlapping_CTCF	0	0.000000	0.348797	0.348797	0.000000	0.348797
168766	chr5	73317000	73318000	chr5:73317000-73318000	83	H3K4me1_overlapping_CTCF	1	0.000000	0.000821	0.000821	0.000000	0.000821
168766	chr5	73317000	73318000	chr5:73317000-73318000	84	H3K4me3_overlapping_CTCF	1	0.000000	0.000417	0.000417	0.000000	0.000417
168766	chr5	73317000	73318000	chr5:73317000-73318000	85	Hand2_overlapping_CTCF	1	0.000000	0.000856	0.000856	0.000000	0.000856
168766	chr5	73317000	73318000	chr5:73317000-73318000	86	Isl1_overlapping_CTCF	0	0.000000	0.248998	0.248998	0.000000	0.248998
168766	chr5	73317000	73318000	chr5:73317000-73318000	87	Nkx2_5_overlapping_CTCF	0	0.000000	0.444991	0.444991	0.000000	0.444991
168766	chr5	73317000	73318000	chr5:73317000-73318000	88	Tbx5_overlapping_CTCF	0	0.000000	0.483782	0.483782	0.000000	0.483782
168766	chr5	73317000	73318000	chr5:73317000-73318000	89	Rloop_overlapping_CTCF	0	0.000000	0.284558	0.284558	0.000000	0.284558
168766	chr5	73317000	73318000	chr5:73317000-73318000	90	Gata4_peak	0	0.000000	0.350418	0.350418	0.000000	38.285552
168766	chr5	73317000	73318000	chr5:73317000-73318000	91	Gata4_self_ratio	1	0.000000	0.000235	0.000235	0.000000	0.000235
168766	chr5	73317000	73318000	chr5:73317000-73318000	92	Gata4_bin_ratio	0	0.000000	0.413409	0.413409	0.000000	0.413409
168766	chr5	73317000	73318000	chr5:73317000-73318000	93	G4_overlapping_Gata4	0	0.000000	0.370877	0.370877	0.000000	0.370877
168766	chr5	73317000	73318000	chr5:73317000-73318000	94	ATAC_overlapping_Gata4	0	0.000000	0.414130	0.414130	0.000000	0.414130
168766	chr5	73317000	73318000	chr5:73317000-73318000	95	NFR_overlapping_Gata4	1	0.000000	0.001086	0.001086	0.000000	0.001086
168766	chr5	73317000	73318000	chr5:73317000-73318000	96	Nucleosome_overlapping_Gata4	0	0.000000	0.227589	0.227589	0.000000	0.227589
168766	chr5	73317000	73318000	chr5:73317000-73318000	97	CTCF_overlapping_Gata4	0	0.000000	0.519491	0.519491	0.000000	0.519491
168766	chr5	73317000	73318000	chr5:73317000-73318000	98	Gata6_overlapping_Gata4	0	0.000000	0.212563	0.212563	0.000000	0.212563
168766	chr5	73317000	73318000	chr5:73317000-73318000	99	H3K27ac_overlapping_Gata4	1	0.000000	-0.001392	0.001392	0.000000	-0.001392
168766	chr5	73317000	73318000	chr5:73317000-73318000	100	H3K27me3_overlapping_Gata4	0	0.000000	0.477665	0.477665	0.000000	0.477665
168766	chr5	73317000	73318000	chr5:73317000-73318000	101	H3K4me1_overlapping_Gata4	1	0.000000	-0.000949	0.000949	0.000000	-0.000949
168766	chr5	73317000	73318000	chr5:73317000-73318000	102	H3K4me3_overlapping_Gata4	0	0.000000	0.454822	0.454822	0.000000	0.454822
168766	chr5	73317000	73318000	chr5:73317000-73318000	103	Hand2_overlapping_Gata4	0	0.000000	0.597157	0.597157	0.000000	0.597157
168766	chr5	73317000	73318000	chr5:73317000-73318000	104	Isl1_overlapping_Gata4	1	0.000000	0.001431	0.001431	0.000000	0.001431
168766	chr5	73317000	73318000	chr5:73317000-73318000	105	Nkx2_5_overlapping_Gata4	1	0.000000	0.000600	0.000600	0.000000	0.000600
168766	chr5	73317000	73318000	chr5:73317000-73318000	106	Tbx5_overlapping_Gata4	0	0.000000	0.346268	0.346268	0.000000	0.346268
168766	chr5	73317000	73318000	chr5:73317000-73318000	107	Rloop_overlapping_Gata4	1	0.000000	0.000283	0.000283	0.000000	0.000283
168766	chr5	73317000	73318000	chr5:73317000-73318000	108	Gata6_peak	1	0.000000	0.000255	0.000255	0.000000	0.002545
168766	chr5	73317000	73318000	chr5:73317000-73318000	109	Gata6_self_ratio	0	0.000000	0.226785	0.226785	0.000000	0.226785
168766	chr5	73317000	73318000	chr5:73317000-73318000	110	Gata6_bin_ratio	0	0.000000	0.396627	0.396627	0.000000	0.396627
168766	chr5	73317000	73318000	chr5:73317000-73318000	111	G4_overlapping_Gata6	1	0.000000	-0.000439	0.000439	0.000000	-0.000439
168766	chr5	73317000	73318000	chr5:73317000-73318000	112	ATAC_overlapping_Gata6	0	0.000000	0.182825	0.182825	0.000000	0.182825
168766	chr5	73317000	73318000	chr5:73317000-73318000	113	NFR_overlapping_Gata6	1	0.000000	-0.000525	0.000525	0.000000	-0.000525
168766	chr5	73317000	73318000	chr5:73317000-73318000	114	Nucleosome_overlapping_Gata6	0	0.000000	0.325290	0.325290	0.000000	0.325290
168766	chr5	73317000	73318000	chr5:73317000-73318000	115	CTCF_overlapping_Gata6	1	0.000000	0.000667	0.000667	0.000000	0.000667
168766	chr5	73317000	73318000	chr5:73317000-73318000	116	Gata4_overlapping_Gata6	1	0.000000	-0.000827	0.000827	0.000000	-0.000827
168766	chr5	73317000	73318000	chr5:73317000-73318000	117	H3K27ac_overlapping_Gata6	1	0.000000	0.000530	0.000530	0.000000	0.000530
168766	chr5	73317000	73318000	chr5:73317000-73318000	118	H3K27me3_overlapping_Gata6	1	0.000000	0.000217	0.000217	0.000000	0.000217
168766	chr5	73317000	73318000	chr5:73317000-73318000	119	H3K4me1_overlapping_Gata6	0	0.000000	0.406468	0.406468	0.000000	0.406468
168766	chr5	73317000	73318000	chr5:73317000-73318000	120	H3K4me3_overlapping_Gata6	1	0.000000	0.000598	0.000598	0.000000	0.000598
168766	chr5	73317000	73318000	chr5:73317000-73318000	121	Hand2_overlapping_Gata6	1	0.000000	-0.000775	0.000775	0.000000	-0.000775
168766	chr5	73317000	73318000	chr5:73317000-73318000	122	Isl1_overlapping_Gata6	1	0.000000	0.000728	0.000728	0.000000	0.000728
168766	chr5	73317000	73318000	chr5:73317000-73318000	123	Nkx2_5_overlapping_Gata6	0	0.000000	0.265322	0.265322	0.000000	0.265322
168766	chr5	73317000	73318000	chr5:73317000-73318000	124	Tbx5_overlapping_Gata6	1	0.000000	0.000938	0.000938	0.000000	0.000938
168766	chr5	73317000	73318000	chr5:73317000-73318000	125	Rloop_overlapping_Gata6	0	0.000000	0.343661	0.343661	0.000000	0.343661
168766	chr5	73317000	73318000	chr5:73317000-73318000	126	H3K27ac_peak	1	0.000000	0.003618	0.003618	0.000000	0.033937
168766	chr5	73317000	73318000	chr5:73317000-73318000	127	H3K27ac_self_ratio	0	0.000000	0.305249	0.305249	0.000000	0.305249
168766	chr5	73317000	73318000	chr5:73317000-73318000	128	H3K27ac_bin_ratio	0	0.000000	0.342087	0.342087	0.000000	0.342087
168766	chr5	73317000	73318000	chr5:73317000-73318000	129	G4_overlapping_H3K27ac	0	0.000000	0.230916	0.230916	0.000000	0.230916
168766	chr5	73317000	73318000	chr5:73317000-73318000	130	ATAC_overlapping_H3K27ac	1	0.000000	0.000457	0.000457	0.000000	0.000457
168766	chr5	73317000	73318000	chr5:73317000-73318000	131	NFR_overlapping_H3K27ac	1	0.000000	0.001621	0.001621	0.000000	0.001621
168766	chr5	73317000	73318000	chr5:73317000-73318000	132	Nucleosome_overlapping_H3K27ac	1	0.000000	0.000485	0.000485	0.000000	0.000485
168766	chr5	73317000	73318000	chr5:73317000-73318000	133	CTCF_overlapping_H3K27ac	0	0.000000	0.454038	0.454038	0.000000	0.454038
168766	chr5	73317000	73318000	chr5:73317000-73318000	134	Gata4_overlapping_H3K27ac	0	0.000000	0.439454	0.439454	0.000000	0.439454
168766	chr5	73317000	73318000	chr5:73317000-73318000	135	Gata6_overlapping_H3K27ac	0	0.000000	0.488094	0.488094	0.000000	0.488094
168766	chr5	73317000	73318000	chr5:73317000-73318000	136	H3K27me3_overlapping_H3K27ac	0	0.000000	0.509441	0.509441	0.000000	0.509441
168766	chr5	73317000	73318000	chr5:73317000-73318000	137	H3K4me1_overlapping_H3K27ac	0	0.000000	0.314153	0.314153	0.000000	0.314153
168766	chr5	73317000	73318000	chr5:73317000-73318000	138	H3K4me3_overlapping_H3K27ac	1	0.000000	0.000380	0.000380	0.000000	0.000380
168766	chr5	73317000	73318000	chr5:73317000-73318000	139	Hand2_overlapping_H3K27ac	1	0.000000	-0.000609	0.000609	0.000000	-0.000609
168766	chr5	73317000	73318000	chr5:73317000-73318000	140	Isl1_overlapping_H3K27ac	0	0.000000	0.278098	0.278098	0.000000	0.278098
168766	chr5	73317000	73318000	chr5:73317000-73318000	141	Nkx2_5_overlapping_H3K27ac	0	0.000000	0.376763	0.376763	0.000000	0.376763
168766	chr5	73317000	73318000	chr5:73317000-73318000	142	Tbx5_overlapping_H3K27ac	1	0.000000	-0.000321	0.000321	0.000000	-0.000321
168766	chr5	73317000	73318000	chr5:73317000-73318000	143	Rloop_overlapping_H3K27ac	0	0.000000	0.205239	0.205239	0.000000	0.205239
168766	chr5	73317000	73318000	chr5:73317000-73318000	144	H3K27me3_peak	1	0.000000	0.005720	0.005720	0.000000	0.072816
168766	chr5	73317000	73318000	chr5:73317000-73318000	145	H3K27me3_self_ratio	0	0.000000	0.187528	0.187528	0.000000	0.187528
168766	chr5	73317000	73318000	chr5:73317000-73318000	146	H3K27me3_bin_ratio	0	0.000000	0.373628	0.373628	0.000000	0.373628
168766	chr5	73317000	73318000	chr5:73317000-73318000	147	G4_overlapping_H3K27me3	0	0.000000	0.279563	0.279563	0.000000	0.279563
168766	chr5	73317000	73318000	chr5:73317000-73318000	148	ATAC_overlapping_H3K27me3	1	0.000000	0.000468	0.000468	0.000000	0.000468
168766	chr5	73317000	73318000	chr5:73317000-73318000	149	NFR_overlapping_H3K27me3	0	0.000000	0.224538	0.224538	0.000000	0.224538
168766	chr5	73317000	73318000	chr5:73317000-73318000	150	Nucleosome_overlapping_H3K27me3	1	0.000000	0.000531	0.000531	0.000000	0.000531
168766	chr5	73317000	73318000	chr5:73317000-73318000	151	CTCF_overlapping_H3K27me3	0	0.000000	0.292572	0.292572	0.000000	0.292572
168766	chr5	73317000	73318000	chr5:73317000-73318000	152	Gata4_overlapping_H3K27me3	0	0.000000	0.320237	0.320237	0.000000	0.320237
168766	chr5	73317000	73318000	chr5:73317000-73318000	153	Gata6_overlapping_H3K27me3	0	0.000000	0.189158	0.189158	0.000000	0.189158
168766	chr5	73317000	73318000	chr5:73317000-73318000	154	H3K27ac_overlapping_H3K27me3	0	0.000000	0.363106	0.363106	0.000000	0.363106
168766	chr5	73317000	73318000	chr5:73317000-73318000	155	H3K4me1_overlapping_H3K27me3	0	0.000000	0.183189	0.183189	0.000000	0.183189
168766	chr5	73317000	73318000	chr5:73317000-73318000	156	H3K4me3_overlapping_H3K27me3	1	0.000000	0.000309	0.000309	0.000000	0.000309
168766	chr5	73317000	73318000	chr5:73317000-73318000	157	Hand2_overlapping_H3K27me3	1	0.000000	0.000505	0.000505	0.000000	0.000505
168766	chr5	73317000	73318000	chr5:73317000-73318000	158	Isl1_overlapping_H3K27me3	1	0.000000	-0.000345	0.000345	0.000000	-0.000345
168766	chr5	73317000	73318000	chr5:73317000-73318000	159	Nkx2_5_overlapping_H3K27me3	1	0.000000	0.000497	0.000497	0.000000	0.000497
168766	chr5	73317000	73318000	chr5:73317000-73318000	160	Tbx5_overlapping_H3K27me3	0	0.000000	0.589353	0.589353	0.000000	0.589353
168766	chr5	73317000	73318000	chr5:73317000-73318000	161	Rloop_overlapping_H3K27me3	0	0.000000	0.438540	0.438540	0.000000	0.438540
168766	chr5	73317000	73318000	chr5:73317000-73318000	162	H3K4me1_peak	0	0.000000	0.314381	0.314381	0.000000	23.682016
168766	chr5	73317000	73318000	chr5:73317000-73318000	163	H3K4me1_self_ratio	0	0.000000	0.212978	0.212978	0.000000	0.212978
168766	chr5	73317000	73318000	chr5:73317000-73318000	164	H3K4me1_bin_ratio	1	0.000000	-0.000163	0.000163	0.000000	-0.000163
168766	chr5	73317000	73318000	chr5:73317000-73318000	165	G4_overlapping_H3K4me1	1	0.000000	-0.000923	0.000923	0.000000	-0.000923
168766	chr5	73317000	73318000	chr5:73317000-73318000	166	ATAC_overlapping_H3K4me1	0	0.000000	0.162409	0.162409	0.000000	0.162409
168766	chr5	73317000	73318000	chr5:73317000-73318000	167	NFR_overlapping_H3K4me1	0	0.000000	0.384714	0.384714	0.000000	0.384714
168766	chr5	73317000	73318000	chr5:73317000-73318000	168	Nucleosome_overlapping_H3K4me1	1	0.000000	0.000809	0.000809	0.000000	0.000809
168766	chr5	73317000	73318000	chr5:73317000-73318000	169	CTCF_overlapping_H3K4me1	1	0.000000	-0.003118	0.003118	0.000000	-0.003118
168766	chr5	73317000	73318000	chr5:73317000-73318000	170	Gata4_overlapping_H3K4me1	0	0.000000	0.288066	0.288066	0.000000	0.288066
168766	chr5	73317000	73318000	chr5:73317000-73318000	171	Gata6_overlapping_H3K4me1	0	0.000000	0.237227	0.237227	0.000000	0.237227
168766	chr5	73317000	73318000	chr5:73317000-73318000	172	H3K27ac_overlapping_H3K4me1	0	0.000000	0.189835	0.189835	0.000000	0.189835
168766	chr5	73317000	73318000	chr5:73317000-73318000	173	H3K27me3_overlapping_H3K4me1	0	0.000000	0.341101	0.341101	0.000000	0.341101
168766	chr5	73317000	73318000	chr5:73317000-73318000	174	H3K4me3_overlapping_H3K4me1	0	0.000000	0.441622	0.441622	0.000000	0.441622
168766	chr5	73317000	73318000	chr5:73317000-73318000	175	Hand2_overlapping_H3K4me1	0	0.000000	0.385144	0.385144	0.000000	0.385144
168766	chr5	73317000	73318000	chr5:73317000-73318000	176	Isl1_overlapping_H3K4me1	0	0.000000	0.046838	0.046838	0.000000	0.046838
168766	chr5	73317000	73318000	chr5:73317000-73318000	177	Nkx2_5_overlapping_H3K4me1	0	0.000000	0.278323	0.278323	0.000000	0.278323
168766	chr5	73317000	73318000	chr5:73317000-73318000	178	Tbx5_overlapping_H3K4me1	1	0.000000	-0.000211	0.000211	0.000000	-0.000211
168766	chr5	73317000	73318000	chr5:73317000-73318000	179	Rloop_overlapping_H3K4me1	0	0.000000	0.183728	0.183728	0.000000	0.183728
168766	chr5	73317000	73318000	chr5:73317000-73318000	180	H3K4me3_peak	0	0.000000	0.182020	0.182020	0.000000	5.010752
168766	chr5	73317000	73318000	chr5:73317000-73318000	181	H3K4me3_self_ratio	1	0.000000	-0.001835	0.001835	0.000000	-0.001835
168766	chr5	73317000	73318000	chr5:73317000-73318000	182	H3K4me3_bin_ratio	1	0.000000	0.001826	0.001826	0.000000	0.001826
168766	chr5	73317000	73318000	chr5:73317000-73318000	183	G4_overlapping_H3K4me3	0	0.000000	0.117288	0.117288	0.000000	0.117288
168766	chr5	73317000	73318000	chr5:73317000-73318000	184	ATAC_overlapping_H3K4me3	1	0.000000	0.000526	0.000526	0.000000	0.000526
168766	chr5	73317000	73318000	chr5:73317000-73318000	185	NFR_overlapping_H3K4me3	0	0.000000	0.254690	0.254690	0.000000	0.254690
168766	chr5	73317000	73318000	chr5:73317000-73318000	186	Nucleosome_overlapping_H3K4me3	0	0.000000	0.438399	0.438399	0.000000	0.438399
168766	chr5	73317000	73318000	chr5:73317000-73318000	187	CTCF_overlapping_H3K4me3	0	0.000000	0.534913	0.534913	0.000000	0.534913
168766	chr5	73317000	73318000	chr5:73317000-73318000	188	Gata4_overlapping_H3K4me3	0	0.000000	0.312942	0.312942	0.000000	0.312942
168766	chr5	73317000	73318000	chr5:73317000-73318000	189	Gata6_overlapping_H3K4me3	0	0.000000	0.529949	0.529949	0.000000	0.529949
168766	chr5	73317000	73318000	chr5:73317000-73318000	190	H3K27ac_overlapping_H3K4me3	0	0.000000	0.603334	0.603334	0.000000	0.603334
168766	chr5	73317000	73318000	chr5:73317000-73318000	191	H3K27me3_overlapping_H3K4me3	0	0.000000	0.297272	0.297272	0.000000	0.297272
168766	chr5	73317000	73318000	chr5:73317000-73318000	192	H3K4me1_overlapping_H3K4me3	0	0.000000	0.385083	0.385083	0.000000	0.385083
168766	chr5	73317000	73318000	chr5:73317000-73318000	193	Hand2_overlapping_H3K4me3	0	0.000000	0.551038	0.551038	0.000000	0.551038
168766	chr5	73317000	73318000	chr5:73317000-73318000	194	Isl1_overlapping_H3K4me3	0	0.000000	0.457162	0.457162	0.000000	0.457162
168766	chr5	73317000	73318000	chr5:73317000-73318000	195	Nkx2_5_overlapping_H3K4me3	0	0.000000	0.326244	0.326244	0.000000	0.326244
168766	chr5	73317000	73318000	chr5:73317000-73318000	196	Tbx5_overlapping_H3K4me3	1	0.000000	-0.000679	0.000679	0.000000	-0.000679
168766	chr5	73317000	73318000	chr5:73317000-73318000	197	Rloop_overlapping_H3K4me3	0	0.000000	0.101406	0.101406	0.000000	0.101406
168766	chr5	73317000	73318000	chr5:73317000-73318000	198	Hand2_peak	0	0.000000	0.418599	0.418599	0.000000	73.651648
168766	chr5	73317000	73318000	chr5:73317000-73318000	199	Hand2_self_ratio	1	0.000000	0.000894	0.000894	0.000000	0.000894
168766	chr5	73317000	73318000	chr5:73317000-73318000	200	Hand2_bin_ratio	0	0.000000	0.534294	0.534294	0.000000	0.534294
168766	chr5	73317000	73318000	chr5:73317000-73318000	201	G4_overlapping_Hand2	1	0.000000	0.000504	0.000504	0.000000	0.000504
168766	chr5	73317000	73318000	chr5:73317000-73318000	202	ATAC_overlapping_Hand2	0	0.000000	0.321646	0.321646	0.000000	0.321646
168766	chr5	73317000	73318000	chr5:73317000-73318000	203	NFR_overlapping_Hand2	0	0.000000	0.223248	0.223248	0.000000	0.223248
168766	chr5	73317000	73318000	chr5:73317000-73318000	204	Nucleosome_overlapping_Hand2	0	0.000000	0.316460	0.316460	0.000000	0.316460
168766	chr5	73317000	73318000	chr5:73317000-73318000	205	CTCF_overlapping_Hand2	0	0.000000	0.445190	0.445190	0.000000	0.445190
168766	chr5	73317000	73318000	chr5:73317000-73318000	206	Gata4_overlapping_Hand2	1	0.000000	0.001435	0.001435	0.000000	0.001435
168766	chr5	73317000	73318000	chr5:73317000-73318000	207	Gata6_overlapping_Hand2	0	0.000000	0.335048	0.335048	0.000000	0.335048
168766	chr5	73317000	73318000	chr5:73317000-73318000	208	H3K27ac_overlapping_Hand2	1	0.000000	-0.000461	0.000461	0.000000	-0.000461
168766	chr5	73317000	73318000	chr5:73317000-73318000	209	H3K27me3_overlapping_Hand2	1	0.000000	0.000302	0.000302	0.000000	0.000302
168766	chr5	73317000	73318000	chr5:73317000-73318000	210	H3K4me1_overlapping_Hand2	0	0.000000	0.378874	0.378874	0.000000	0.378874
168766	chr5	73317000	73318000	chr5:73317000-73318000	211	H3K4me3_overlapping_Hand2	0	0.000000	0.364188	0.364188	0.000000	0.364188
168766	chr5	73317000	73318000	chr5:73317000-73318000	212	Isl1_overlapping_Hand2	0	0.000000	0.122362	0.122362	0.000000	0.122362
168766	chr5	73317000	73318000	chr5:73317000-73318000	213	Nkx2_5_overlapping_Hand2	0	0.000000	0.306613	0.306613	0.000000	0.306613
168766	chr5	73317000	73318000	chr5:73317000-73318000	214	Tbx5_overlapping_Hand2	1	0.000000	0.001596	0.001596	0.000000	0.001596
168766	chr5	73317000	73318000	chr5:73317000-73318000	215	Rloop_overlapping_Hand2	1	0.000000	0.001014	0.001014	0.000000	0.001014
168766	chr5	73317000	73318000	chr5:73317000-73318000	216	Isl1_peak	1	0.000000	-0.000128	0.000128	0.000000	-0.000853
168766	chr5	73317000	73318000	chr5:73317000-73318000	217	Isl1_self_ratio	1	0.000000	0.001060	0.001060	0.000000	0.001060
168766	chr5	73317000	73318000	chr5:73317000-73318000	218	Isl1_bin_ratio	0	0.000000	0.371609	0.371609	0.000000	0.371609
168766	chr5	73317000	73318000	chr5:73317000-73318000	219	G4_overlapping_Isl1	0	0.000000	0.288620	0.288620	0.000000	0.288620
168766	chr5	73317000	73318000	chr5:73317000-73318000	220	ATAC_overlapping_Isl1	1	0.000000	0.000293	0.000293	0.000000	0.000293
168766	chr5	73317000	73318000	chr5:73317000-73318000	221	NFR_overlapping_Isl1	1	0.000000	0.000108	0.000108	0.000000	0.000108
168766	chr5	73317000	73318000	chr5:73317000-73318000	222	Nucleosome_overlapping_Isl1	0	0.000000	0.302746	0.302746	0.000000	0.302746
168766	chr5	73317000	73318000	chr5:73317000-73318000	223	CTCF_overlapping_Isl1	1	0.000000	0.000768	0.000768	0.000000	0.000768
168766	chr5	73317000	73318000	chr5:73317000-73318000	224	Gata4_overlapping_Isl1	0	0.000000	0.210647	0.210647	0.000000	0.210647
168766	chr5	73317000	73318000	chr5:73317000-73318000	225	Gata6_overlapping_Isl1	0	0.000000	0.323302	0.323302	0.000000	0.323302
168766	chr5	73317000	73318000	chr5:73317000-73318000	226	H3K27ac_overlapping_Isl1	0	0.000000	0.268890	0.268890	0.000000	0.268890
168766	chr5	73317000	73318000	chr5:73317000-73318000	227	H3K27me3_overlapping_Isl1	0	0.000000	0.272433	0.272433	0.000000	0.272433
168766	chr5	73317000	73318000	chr5:73317000-73318000	228	H3K4me1_overlapping_Isl1	0	0.000000	0.234237	0.234237	0.000000	0.234237
168766	chr5	73317000	73318000	chr5:73317000-73318000	229	H3K4me3_overlapping_Isl1	0	0.000000	0.384645	0.384645	0.000000	0.384645
168766	chr5	73317000	73318000	chr5:73317000-73318000	230	Hand2_overlapping_Isl1	0	0.000000	0.524827	0.524827	0.000000	0.524827
168766	chr5	73317000	73318000	chr5:73317000-73318000	231	Nkx2_5_overlapping_Isl1	0	0.000000	0.163895	0.163895	0.000000	0.163895
168766	chr5	73317000	73318000	chr5:73317000-73318000	232	Tbx5_overlapping_Isl1	0	0.000000	0.422982	0.422982	0.000000	0.422982
168766	chr5	73317000	73318000	chr5:73317000-73318000	233	Rloop_overlapping_Isl1	0	0.000000	0.400750	0.400750	0.000000	0.400750
168766	chr5	73317000	73318000	chr5:73317000-73318000	234	Nkx2_5_peak	0	0.000000	0.318215	0.318215	0.000000	13.010732
168766	chr5	73317000	73318000	chr5:73317000-73318000	235	Nkx2_5_self_ratio	0	0.000000	0.415887	0.415887	0.000000	0.415887
168766	chr5	73317000	73318000	chr5:73317000-73318000	236	Nkx2_5_bin_ratio	0	0.000000	0.268999	0.268999	0.000000	0.268999
168766	chr5	73317000	73318000	chr5:73317000-73318000	237	G4_overlapping_Nkx2_5	0	0.000000	0.153163	0.153163	0.000000	0.153163
168766	chr5	73317000	73318000	chr5:73317000-73318000	238	ATAC_overlapping_Nkx2_5	0	0.000000	0.118745	0.118745	0.000000	0.118745
168766	chr5	73317000	73318000	chr5:73317000-73318000	239	NFR_overlapping_Nkx2_5	1	0.000000	0.000174	0.000174	0.000000	0.000174
168766	chr5	73317000	73318000	chr5:73317000-73318000	240	Nucleosome_overlapping_Nkx2_5	0	0.000000	0.308735	0.308735	0.000000	0.308735
168766	chr5	73317000	73318000	chr5:73317000-73318000	241	CTCF_overlapping_Nkx2_5	0	0.000000	0.228404	0.228404	0.000000	0.228404
168766	chr5	73317000	73318000	chr5:73317000-73318000	242	Gata4_overlapping_Nkx2_5	0	0.000000	0.435209	0.435209	0.000000	0.435209
168766	chr5	73317000	73318000	chr5:73317000-73318000	243	Gata6_overlapping_Nkx2_5	1	0.000000	0.000076	0.000076	0.000000	0.000076
168766	chr5	73317000	73318000	chr5:73317000-73318000	244	H3K27ac_overlapping_Nkx2_5	1	0.000000	0.000545	0.000545	0.000000	0.000545
168766	chr5	73317000	73318000	chr5:73317000-73318000	245	H3K27me3_overlapping_Nkx2_5	1	0.000000	0.000259	0.000259	0.000000	0.000259
168766	chr5	73317000	73318000	chr5:73317000-73318000	246	H3K4me1_overlapping_Nkx2_5	0	0.000000	0.206051	0.206051	0.000000	0.206051
168766	chr5	73317000	73318000	chr5:73317000-73318000	247	H3K4me3_overlapping_Nkx2_5	0	0.000000	0.368327	0.368327	0.000000	0.368327
168766	chr5	73317000	73318000	chr5:73317000-73318000	248	Hand2_overlapping_Nkx2_5	0	0.000000	0.393702	0.393702	0.000000	0.393702
168766	chr5	73317000	73318000	chr5:73317000-73318000	249	Isl1_overlapping_Nkx2_5	1	0.000000	0.001775	0.001775	0.000000	0.001775
168766	chr5	73317000	73318000	chr5:73317000-73318000	250	Tbx5_overlapping_Nkx2_5	0	0.000000	0.235478	0.235478	0.000000	0.235478
168766	chr5	73317000	73318000	chr5:73317000-73318000	251	Rloop_overlapping_Nkx2_5	0	0.000000	0.240657	0.240657	0.000000	0.240657
168766	chr5	73317000	73318000	chr5:73317000-73318000	252	Tbx5_peak	1	0.000000	0.000040	0.000040	0.000000	0.000301
168766	chr5	73317000	73318000	chr5:73317000-73318000	253	Tbx5_self_ratio	0	0.000000	0.273245	0.273245	0.000000	0.273245
168766	chr5	73317000	73318000	chr5:73317000-73318000	254	Tbx5_bin_ratio	0	0.000000	0.368348	0.368348	0.000000	0.368348
168766	chr5	73317000	73318000	chr5:73317000-73318000	255	G4_overlapping_Tbx5	0	0.000000	0.333031	0.333031	0.000000	0.333031
168766	chr5	73317000	73318000	chr5:73317000-73318000	256	ATAC_overlapping_Tbx5	1	0.000000	-0.000642	0.000642	0.000000	-0.000642
168766	chr5	73317000	73318000	chr5:73317000-73318000	257	NFR_overlapping_Tbx5	0	0.000000	0.497308	0.497308	0.000000	0.497308
168766	chr5	73317000	73318000	chr5:73317000-73318000	258	Nucleosome_overlapping_Tbx5	0	0.000000	0.336611	0.336611	0.000000	0.336611
168766	chr5	73317000	73318000	chr5:73317000-73318000	259	CTCF_overlapping_Tbx5	0	0.000000	0.495401	0.495401	0.000000	0.495401
168766	chr5	73317000	73318000	chr5:73317000-73318000	260	Gata4_overlapping_Tbx5	1	0.000000	0.000534	0.000534	0.000000	0.000534
168766	chr5	73317000	73318000	chr5:73317000-73318000	261	Gata6_overlapping_Tbx5	1	0.000000	0.000095	0.000095	0.000000	0.000095
168766	chr5	73317000	73318000	chr5:73317000-73318000	262	H3K27ac_overlapping_Tbx5	1	0.000000	-0.000695	0.000695	0.000000	-0.000695
168766	chr5	73317000	73318000	chr5:73317000-73318000	263	H3K27me3_overlapping_Tbx5	0	0.000000	0.485277	0.485277	0.000000	0.485277
168766	chr5	73317000	73318000	chr5:73317000-73318000	264	H3K4me1_overlapping_Tbx5	0	0.000000	0.390381	0.390381	0.000000	0.390381
168766	chr5	73317000	73318000	chr5:73317000-73318000	265	H3K4me3_overlapping_Tbx5	1	0.000000	-0.000915	0.000915	0.000000	-0.000915
168766	chr5	73317000	73318000	chr5:73317000-73318000	266	Hand2_overlapping_Tbx5	1	0.000000	-0.000420	0.000420	0.000000	-0.000420
168766	chr5	73317000	73318000	chr5:73317000-73318000	267	Isl1_overlapping_Tbx5	0	0.000000	0.249843	0.249843	0.000000	0.249843
168766	chr5	73317000	73318000	chr5:73317000-73318000	268	Nkx2_5_overlapping_Tbx5	1	0.000000	0.000594	0.000594	0.000000	0.000594
168766	chr5	73317000	73318000	chr5:73317000-73318000	269	Rloop_overlapping_Tbx5	1	0.000000	0.000160	0.000160	0.000000	0.000160
168766	chr5	73317000	73318000	chr5:73317000-73318000	270	Rloop_peak	1	0.000000	-0.001223	0.001223	0.000000	-0.006290
168766	chr5	73317000	73318000	chr5:73317000-73318000	271	Rloop_self_ratio	0	0.000000	0.335994	0.335994	0.000000	0.335994
168766	chr5	73317000	73318000	chr5:73317000-73318000	272	Rloop_bin_ratio	1	0.000000	0.000814	0.000814	0.000000	0.000814
168766	chr5	73317000	73318000	chr5:73317000-73318000	273	G4_overlapping_Rloop	1	0.000000	0.000252	0.000252	0.000000	0.000252
168766	chr5	73317000	73318000	chr5:73317000-73318000	274	ATAC_overlapping_Rloop	1	0.000000	0.000933	0.000933	0.000000	0.000933
168766	chr5	73317000	73318000	chr5:73317000-73318000	275	NFR_overlapping_Rloop	1	0.000000	-0.000360	0.000360	0.000000	-0.000360
168766	chr5	73317000	73318000	chr5:73317000-73318000	276	Nucleosome_overlapping_Rloop	1	0.000000	0.000091	0.000091	0.000000	0.000091
168766	chr5	73317000	73318000	chr5:73317000-73318000	277	CTCF_overlapping_Rloop	1	0.000000	-0.000735	0.000735	0.000000	-0.000735
168766	chr5	73317000	73318000	chr5:73317000-73318000	278	Gata4_overlapping_Rloop	1	0.000000	-0.000718	0.000718	0.000000	-0.000718
168766	chr5	73317000	73318000	chr5:73317000-73318000	279	Gata6_overlapping_Rloop	0	0.000000	0.285082	0.285082	0.000000	0.285082
168766	chr5	73317000	73318000	chr5:73317000-73318000	280	H3K27ac_overlapping_Rloop	0	0.000000	0.352381	0.352381	0.000000	0.352381
168766	chr5	73317000	73318000	chr5:73317000-73318000	281	H3K27me3_overlapping_Rloop	1	0.000000	-0.000210	0.000210	0.000000	-0.000210
168766	chr5	73317000	73318000	chr5:73317000-73318000	282	H3K4me1_overlapping_Rloop	0	0.000000	0.232144	0.232144	0.000000	0.232144
168766	chr5	73317000	73318000	chr5:73317000-73318000	283	H3K4me3_overlapping_Rloop	0	0.000000	0.245299	0.245299	0.000000	0.245299
168766	chr5	73317000	73318000	chr5:73317000-73318000	284	Hand2_overlapping_Rloop	0	0.000000	0.370375	0.370375	0.000000	0.370375
168766	chr5	73317000	73318000	chr5:73317000-73318000	285	Isl1_overlapping_Rloop	1	0.000000	-0.000625	0.000625	0.000000	-0.000625
168766	chr5	73317000	73318000	chr5:73317000-73318000	286	Nkx2_5_overlapping_Rloop	1	0.000000	0.000645	0.000645	0.000000	0.000645
168766	chr5	73317000	73318000	chr5:73317000-73318000	287	Tbx5_overlapping_Rloop	0	0.000000	0.396252	0.396252	0.000000	0.396252
192564	chr5	139010000	139011000	chr5:139010000-139011000	0	G4_peak	0	0.000000	0.289548	0.289548	0.000000	3.584961
192564	chr5	139010000	139011000	chr5:139010000-139011000	1	G4_self_ratio	0	0.000000	0.445305	0.445305	0.000000	0.445305
192564	chr5	139010000	139011000	chr5:139010000-139011000	2	G4_bin_ratio	1	0.000000	0.000877	0.000877	0.000000	0.000877
192564	chr5	139010000	139011000	chr5:139010000-139011000	3	ATAC_overlapping_G4	0	0.000000	0.606741	0.606741	0.000000	0.606741
192564	chr5	139010000	139011000	chr5:139010000-139011000	4	NFR_overlapping_G4	0	0.000000	0.510439	0.510439	0.000000	0.510439
192564	chr5	139010000	139011000	chr5:139010000-139011000	5	Nucleosome_overlapping_G4	1	0.000000	0.001132	0.001132	0.000000	0.001132
192564	chr5	139010000	139011000	chr5:139010000-139011000	6	CTCF_overlapping_G4	1	0.000000	0.000740	0.000740	0.000000	0.000740
192564	chr5	139010000	139011000	chr5:139010000-139011000	7	Gata4_overlapping_G4	0	0.000000	0.262204	0.262204	0.000000	0.262204
192564	chr5	139010000	139011000	chr5:139010000-139011000	8	Gata6_overlapping_G4	0	0.000000	0.406754	0.406754	0.000000	0.406754
192564	chr5	139010000	139011000	chr5:139010000-139011000	9	H3K27ac_overlapping_G4	0	0.000000	0.156358	0.156358	0.000000	0.156358
192564	chr5	139010000	139011000	chr5:139010000-139011000	10	H3K27me3_overlapping_G4	1	0.000000	0.000695	0.000695	0.000000	0.000695
192564	chr5	139010000	139011000	chr5:139010000-139011000	11	H3K4me1_overlapping_G4	1	0.000000	-0.000580	0.000580	0.000000	-0.000580
192564	chr5	139010000	139011000	chr5:139010000-139011000	12	H3K4me3_overlapping_G4	0	0.000000	0.354390	0.354390	0.000000	0.354390
192564	chr5	139010000	139011000	chr5:139010000-139011000	13	Hand2_overlapping_G4	0	0.000000	0.319242	0.319242	0.000000	0.319242
192564	chr5	139010000	139011000	chr5:139010000-139011000	14	Isl1_overlapping_G4	1	0.000000	-0.000420	0.000420	0.000000	-0.000420
192564	chr5	139010000	139011000	chr5:139010000-139011000	15	Nkx2_5_overlapping_G4	1	0.000000	-0.003172	0.003172	0.000000	-0.003172
192564	chr5	139010000	139011000	chr5:139010000-139011000	16	Tbx5_overlapping_G4	0	0.000000	0.449938	0.449938	0.000000	0.449938
192564	chr5	139010000	139011000	chr5:139010000-139011000	17	Rloop_overlapping_G4	1	0.000000	-0.001964	0.001964	0.000000	-0.001964
192564	chr5	139010000	139011000	chr5:139010000-139011000	18	ATAC_peak	1	0.000000	0.233125	0.233125	0.000000	5.131900
192564	chr5	139010000	139011000	chr5:139010000-139011000	19	ATAC_self_ratio	1	0.000000	0.207052	0.207052	0.000000	0.207052
192564	chr5	139010000	139011000	chr5:139010000-139011000	20	ATAC_bin_ratio	1	0.000000	0.246193	0.246193	0.000000	0.246193
192564	chr5	139010000	139011000	chr5:139010000-139011000	21	G4_overlapping_ATAC	1	0.000000	0.000094	0.000094	0.000000	0.000094
192564	chr5	139010000	139011000	chr5:139010000-139011000	22	NFR_overlapping_ATAC	1	0.000000	0.000795	0.000795	0.000000	0.000795
192564	chr5	139010000	139011000	chr5:139010000-139011000	23	Nucleosome_overlapping_ATAC	0	0.000000	0.495409	0.495409	0.000000	0.495409
192564	chr5	139010000	139011000	chr5:139010000-139011000	24	CTCF_overlapping_ATAC	0	0.000000	0.373671	0.373671	0.000000	0.373671
192564	chr5	139010000	139011000	chr5:139010000-139011000	25	Gata4_overlapping_ATAC	0	0.000000	0.509203	0.509203	0.000000	0.509203
192564	chr5	139010000	139011000	chr5:139010000-139011000	26	Gata6_overlapping_ATAC	0	0.000000	0.564812	0.564812	0.000000	0.564812
192564	chr5	139010000	139011000	chr5:139010000-139011000	27	H3K27ac_overlapping_ATAC	0	0.000000	0.407926	0.407926	0.000000	0.407926
192564	chr5	139010000	139011000	chr5:139010000-139011000	28	H3K27me3_overlapping_ATAC	0	0.000000	0.574771	0.574771	0.000000	0.574771
192564	chr5	139010000	139011000	chr5:139010000-139011000	29	H3K4me1_overlapping_ATAC	1	0.000000	0.000496	0.000496	0.000000	0.000496
192564	chr5	139010000	139011000	chr5:139010000-139011000	30	H3K4me3_overlapping_ATAC	1	0.000000	-0.000393	0.000393	0.000000	-0.000393
192564	chr5	139010000	139011000	chr5:139010000-139011000	31	Hand2_overlapping_ATAC	0	0.000000	0.508014	0.508014	0.000000	0.508014
192564	chr5	139010000	139011000	chr5:139010000-139011000	32	Isl1_overlapping_ATAC	1	0.000000	0.001424	0.001424	0.000000	0.001424
192564	chr5	139010000	139011000	chr5:139010000-139011000	33	Nkx2_5_overlapping_ATAC	0	0.000000	0.250615	0.250615	0.000000	0.250615
192564	chr5	139010000	139011000	chr5:139010000-139011000	34	Tbx5_overlapping_ATAC	0	0.000000	0.604940	0.604940	0.000000	0.604940
192564	chr5	139010000	139011000	chr5:139010000-139011000	35	Rloop_overlapping_ATAC	1	0.000000	-0.001423	0.001423	0.000000	-0.001423
192564	chr5	139010000	139011000	chr5:139010000-139011000	36	NFR_peak	1	0.000000	0.001352	0.001352	0.000000	0.009829
192564	chr5	139010000	139011000	chr5:139010000-139011000	37	NFR_self_ratio	0	0.000000	0.577187	0.577187	0.000000	0.577187
192564	chr5	139010000	139011000	chr5:139010000-139011000	38	NFR_bin_ratio	0	0.000000	0.410087	0.410087	0.000000	0.410087
192564	chr5	139010000	139011000	chr5:139010000-139011000	39	G4_overlapping_NFR	0	0.000000	0.406537	0.406537	0.000000	0.406537
192564	chr5	139010000	139011000	chr5:139010000-139011000	40	ATAC_overlapping_NFR	1	0.000000	-0.000441	0.000441	0.000000	-0.000441
192564	chr5	139010000	139011000	chr5:139010000-139011000	41	Nucleosome_overlapping_NFR	1	0.000000	0.000414	0.000414	0.000000	0.000414
192564	chr5	139010000	139011000	chr5:139010000-139011000	42	CTCF_overlapping_NFR	0	0.000000	0.452501	0.452501	0.000000	0.452501
192564	chr5	139010000	139011000	chr5:139010000-139011000	43	Gata4_overlapping_NFR	1	0.000000	0.000479	0.000479	0.000000	0.000479
192564	chr5	139010000	139011000	chr5:139010000-139011000	44	Gata6_overlapping_NFR	1	0.000000	-0.000326	0.000326	0.000000	-0.000326
192564	chr5	139010000	139011000	chr5:139010000-139011000	45	H3K27ac_overlapping_NFR	0	0.000000	0.338367	0.338367	0.000000	0.338367
192564	chr5	139010000	139011000	chr5:139010000-139011000	46	H3K27me3_overlapping_NFR	1	0.000000	0.001125	0.001125	0.000000	0.001125
192564	chr5	139010000	139011000	chr5:139010000-139011000	47	H3K4me1_overlapping_NFR	0	0.000000	0.464855	0.464855	0.000000	0.464855
192564	chr5	139010000	139011000	chr5:139010000-139011000	48	H3K4me3_overlapping_NFR	1	0.000000	0.001736	0.001736	0.000000	0.001736
192564	chr5	139010000	139011000	chr5:139010000-139011000	49	Hand2_overlapping_NFR	1	0.000000	0.000052	0.000052	0.000000	0.000052
192564	chr5	139010000	139011000	chr5:139010000-139011000	50	Isl1_overlapping_NFR	0	0.000000	0.213568	0.213568	0.000000	0.213568
192564	chr5	139010000	139011000	chr5:139010000-139011000	51	Nkx2_5_overlapping_NFR	1	0.000000	0.001743	0.001743	0.000000	0.001743
192564	chr5	139010000	139011000	chr5:139010000-139011000	52	Tbx5_overlapping_NFR	0	0.000000	0.251689	0.251689	0.000000	0.251689
192564	chr5	139010000	139011000	chr5:139010000-139011000	53	Rloop_overlapping_NFR	1	0.000000	0.000585	0.000585	0.000000	0.000585
192564	chr5	139010000	139011000	chr5:139010000-139011000	54	Nucleosome_peak	0	0.000000	0.222786	0.222786	0.000000	4.234685
192564	chr5	139010000	139011000	chr5:139010000-139011000	55	Nucleosome_self_ratio	0	0.000000	0.450538	0.450538	0.000000	0.450538
192564	chr5	139010000	139011000	chr5:139010000-139011000	56	Nucleosome_bin_ratio	0	0.000000	0.562441	0.562441	0.000000	0.562441
192564	chr5	139010000	139011000	chr5:139010000-139011000	57	G4_overlapping_Nucleosome	0	0.000000	0.341099	0.341099	0.000000	0.341099
192564	chr5	139010000	139011000	chr5:139010000-139011000	58	ATAC_overlapping_Nucleosome	1	0.000000	0.000715	0.000715	0.000000	0.000715
192564	chr5	139010000	139011000	chr5:139010000-139011000	59	NFR_overlapping_Nucleosome	1	0.000000	-0.000044	0.000044	0.000000	-0.000044
192564	chr5	139010000	139011000	chr5:139010000-139011000	60	CTCF_overlapping_Nucleosome	0	0.000000	0.532855	0.532855	0.000000	0.532855
192564	chr5	139010000	139011000	chr5:139010000-139011000	61	Gata4_overlapping_Nucleosome	0	0.000000	0.261107	0.261107	0.000000	0.261107
192564	chr5	139010000	139011000	chr5:139010000-139011000	62	Gata6_overlapping_Nucleosome	0	0.000000	0.390394	0.390394	0.000000	0.390394
192564	chr5	139010000	139011000	chr5:139010000-139011000	63	H3K27ac_overlapping_Nucleosome	0	0.000000	0.449595	0.449595	0.000000	0.449595
192564	chr5	139010000	139011000	chr5:139010000-139011000	64	H3K27me3_overlapping_Nucleosome	0	0.000000	0.361154	0.361154	0.000000	0.361154
192564	chr5	139010000	139011000	chr5:139010000-139011000	65	H3K4me1_overlapping_Nucleosome	1	0.000000	0.003578	0.003578	0.000000	0.003578
192564	chr5	139010000	139011000	chr5:139010000-139011000	66	H3K4me3_overlapping_Nucleosome	1	0.000000	0.000471	0.000471	0.000000	0.000471
192564	chr5	139010000	139011000	chr5:139010000-139011000	67	Hand2_overlapping_Nucleosome	0	0.000000	0.574018	0.574018	0.000000	0.574018
192564	chr5	139010000	139011000	chr5:139010000-139011000	68	Isl1_overlapping_Nucleosome	0	0.000000	0.590421	0.590421	0.000000	0.590421
192564	chr5	139010000	139011000	chr5:139010000-139011000	69	Nkx2_5_overlapping_Nucleosome	1	0.000000	-0.000775	0.000775	0.000000	-0.000775
192564	chr5	139010000	139011000	chr5:139010000-139011000	70	Tbx5_overlapping_Nucleosome	0	0.000000	0.491215	0.491215	0.000000	0.491215
192564	chr5	139010000	139011000	chr5:139010000-139011000	71	Rloop_overlapping_Nucleosome	1	0.000000	-0.000279	0.000279	0.000000	-0.000279
192564	chr5	139010000	139011000	chr5:139010000-139011000	72	CTCF_peak	0	0.000000	0.401780	0.401780	0.000000	41.669552
192564	chr5	139010000	139011000	chr5:139010000-139011000	73	CTCF_self_ratio	1	0.000000	-0.000006	0.000006	0.000000	-0.000006
192564	chr5	139010000	139011000	chr5:139010000-139011000	74	CTCF_bin_ratio	1	0.000000	0.001456	0.001456	0.000000	0.001456
192564	chr5	139010000	139011000	chr5:139010000-139011000	75	G4_overlapping_CTCF	1	0.000000	-0.000251	0.000251	0.000000	-0.000251
192564	chr5	139010000	139011000	chr5:139010000-139011000	76	ATAC_overlapping_CTCF	0	0.000000	0.496349	0.496349	0.000000	0.496349
192564	chr5	139010000	139011000	chr5:139010000-139011000	77	NFR_overlapping_CTCF	1	0.000000	0.001245	0.001245	0.000000	0.001245
192564	chr5	139010000	139011000	chr5:139010000-139011000	78	Nucleosome_overlapping_CTCF	0	0.000000	0.465217	0.465217	0.000000	0.465217
192564	chr5	139010000	139011000	chr5:139010000-139011000	79	Gata4_overlapping_CTCF	0	0.000000	0.294023	0.294023	0.000000	0.294023
192564	chr5	139010000	139011000	chr5:139010000-139011000	80	Gata6_overlapping_CTCF	0	0.000000	0.663231	0.663231	0.000000	0.663231
192564	chr5	139010000	139011000	chr5:139010000-139011000	81	H3K27ac_overlapping_CTCF	0	0.000000	0.422417	0.422417	0.000000	0.422417
192564	chr5	139010000	139011000	chr5:139010000-139011000	82	H3K27me3_overlapping_CTCF	0	0.000000	0.395557	0.395557	0.000000	0.395557
192564	chr5	139010000	139011000	chr5:139010000-139011000	83	H3K4me1_overlapping_CTCF	1	0.000000	-0.002126	0.002126	0.000000	-0.002126
192564	chr5	139010000	139011000	chr5:139010000-139011000	84	H3K4me3_overlapping_CTCF	0	0.000000	0.448408	0.448408	0.000000	0.448408
192564	chr5	139010000	139011000	chr5:139010000-139011000	85	Hand2_overlapping_CTCF	1	0.000000	-0.001834	0.001834	0.000000	-0.001834
192564	chr5	139010000	139011000	chr5:139010000-139011000	86	Isl1_overlapping_CTCF	0	0.000000	0.402202	0.402202	0.000000	0.402202
192564	chr5	139010000	139011000	chr5:139010000-139011000	87	Nkx2_5_overlapping_CTCF	0	0.000000	0.556475	0.556475	0.000000	0.556475
192564	chr5	139010000	139011000	chr5:139010000-139011000	88	Tbx5_overlapping_CTCF	1	0.000000	0.000073	0.000073	0.000000	0.000073
192564	chr5	139010000	139011000	chr5:139010000-139011000	89	Rloop_overlapping_CTCF	0	0.000000	0.236294	0.236294	0.000000	0.236294
192564	chr5	139010000	139011000	chr5:139010000-139011000	90	Gata4_peak	0	0.000000	0.365915	0.365915	0.000000	45.210173
192564	chr5	139010000	139011000	chr5:139010000-139011000	91	Gata4_self_ratio	0	0.000000	0.296624	0.296624	0.000000	0.296624
192564	chr5	139010000	139011000	chr5:139010000-139011000	92	Gata4_bin_ratio	0	0.000000	0.399051	0.399051	0.000000	0.399051
192564	chr5	139010000	139011000	chr5:139010000-139011000	93	G4_overlapping_Gata4	1	0.000000	-0.000193	0.000193	0.000000	-0.000193
192564	chr5	139010000	139011000	chr5:139010000-139011000	94	ATAC_overlapping_Gata4	0	0.000000	0.695125	0.695125	0.000000	0.695125
192564	chr5	139010000	139011000	chr5:139010000-139011000	95	NFR_overlapping_Gata4	0	0.000000	0.499696	0.499696	0.000000	0.499696
192564	chr5	139010000	139011000	chr5:139010000-139011000	96	Nucleosome_overlapping_Gata4	0	0.000000	0.360488	0.360488	0.000000	0.360488
192564	chr5	139010000	139011000	chr5:139010000-139011000	97	CTCF_overlapping_Gata4	0	0.000000	0.440786	0.440786	0.000000	0.440786
192564	chr5	139010000	139011000	chr5:139010000-139011000	98	Gata6_overlapping_Gata4	1	0.000000	-0.000806	0.000806	0.000000	-0.000806
192564	chr5	139010000	139011000	chr5:139010000-139011000	99	H3K27ac_overlapping_Gata4	0	0.000000	0.469032	0.469032	0.000000	0.469032
192564	chr5	139010000	139011000	chr5:139010000-139011000	100	H3K27me3_overlapping_Gata4	0	0.000000	0.539619	0.539619	0.000000	0.539619
192564	chr5	139010000	139011000	chr5:139010000-139011000	101	H3K4me1_overlapping_Gata4	1	0.000000	-0.000680	0.000680	0.000000	-0.000680
192564	chr5	139010000	139011000	chr5:139010000-139011000	102	H3K4me3_overlapping_Gata4	1	0.000000	-0.000497	0.000497	0.000000	-0.000497
192564	chr5	139010000	139011000	chr5:139010000-139011000	103	Hand2_overlapping_Gata4	1	0.000000	-0.001240	0.001240	0.000000	-0.001240
192564	chr5	139010000	139011000	chr5:139010000-139011000	104	Isl1_overlapping_Gata4	0	0.000000	0.595219	0.595219	0.000000	0.595219
192564	chr5	139010000	139011000	chr5:139010000-139011000	105	Nkx2_5_overlapping_Gata4	0	0.000000	0.629585	0.629585	0.000000	0.629585
192564	chr5	139010000	139011000	chr5:139010000-139011000	106	Tbx5_overlapping_Gata4	1	0.000000	0.000178	0.000178	0.000000	0.000178
192564	chr5	139010000	139011000	chr5:139010000-139011000	107	Rloop_overlapping_Gata4	1	0.000000	0.001218	0.001218	0.000000	0.001218
192564	chr5	139010000	139011000	chr5:139010000-139011000	108	Gata6_peak	0	0.000000	0.189119	0.189119	0.000000	5.572924
192564	chr5	139010000	139011000	chr5:139010000-139011000	109	Gata6_self_ratio	1	0.000000	0.000476	0.000476	0.000000	0.000476
192564	chr5	139010000	139011000	chr5:139010000-139011000	110	Gata6_bin_ratio	0	0.000000	0.420314	0.420314	0.000000	0.420314
192564	chr5	139010000	139011000	chr5:139010000-139011000	111	G4_overlapping_Gata6	0	0.000000	0.292013	0.292013	0.000000	0.292013
192564	chr5	139010000	139011000	chr5:139010000-139011000	112	ATAC_overlapping_Gata6	1	0.000000	0.000072	0.000072	0.000000	0.000072
192564	chr5	139010000	139011000	chr5:139010000-139011000	113	NFR_overlapping_Gata6	1	0.000000	-0.000552	0.000552	0.000000	-0.000552
192564	chr5	139010000	139011000	chr5:139010000-139011000	114	Nucleosome_overlapping_Gata6	0	0.000000	0.256370	0.256370	0.000000	0.256370
192564	chr5	139010000	139011000	chr5:139010000-139011000	115	CTCF_overlapping_Gata6	0	0.000000	0.412227	0.412227	0.000000	0.412227
192564	chr5	139010000	139011000	chr5:139010000-139011000	116	Gata4_overlapping_Gata6	1	0.000000	0.000459	0.000459	0.000000	0.000459
192564	chr5	139010000	139011000	chr5:139010000-139011000	117	H3K27ac_overlapping_Gata6	1	0.000000	0.002297	0.002297	0.000000	0.002297
192564	chr5	139010000	139011000	chr5:139010000-139011000	118	H3K27me3_overlapping_Gata6	0	0.000000	0.411965	0.411965	0.000000	0.411965
192564	chr5	139010000	139011000	chr5:139010000-139011000	119	H3K4me1_overlapping_Gata6	0	0.000000	0.447932	0.447932	0.000000	0.447932
192564	chr5	139010000	139011000	chr5:139010000-139011000	120	H3K4me3_overlapping_Gata6	1	0.000000	0.000571	0.000571	0.000000	0.000571
192564	chr5	139010000	139011000	chr5:139010000-139011000	121	Hand2_overlapping_Gata6	0	0.000000	0.333399	0.333399	0.000000	0.333399
192564	chr5	139010000	139011000	chr5:139010000-139011000	122	Isl1_overlapping_Gata6	0	0.000000	0.297309	0.297309	0.000000	0.297309
192564	chr5	139010000	139011000	chr5:139010000-139011000	123	Nkx2_5_overlapping_Gata6	0	0.000000	0.355995	0.355995	0.000000	0.355995
192564	chr5	139010000	139011000	chr5:139010000-139011000	124	Tbx5_overlapping_Gata6	1	0.000000	0.000287	0.000287	0.000000	0.000287
192564	chr5	139010000	139011000	chr5:139010000-139011000	125	Rloop_overlapping_Gata6	0	0.000000	0.278819	0.278819	0.000000	0.278819
192564	chr5	139010000	139011000	chr5:139010000-139011000	126	H3K27ac_peak	0	0.000000	0.249171	0.249171	0.000000	8.960998
192564	chr5	139010000	139011000	chr5:139010000-139011000	127	H3K27ac_self_ratio	0	0.000000	0.375428	0.375428	0.000000	0.375428
192564	chr5	139010000	139011000	chr5:139010000-139011000	128	H3K27ac_bin_ratio	1	0.000000	-0.001378	0.001378	0.000000	-0.001378
192564	chr5	139010000	139011000	chr5:139010000-139011000	129	G4_overlapping_H3K27ac	0	0.000000	0.232987	0.232987	0.000000	0.232987
192564	chr5	139010000	139011000	chr5:139010000-139011000	130	ATAC_overlapping_H3K27ac	1	0.000000	-0.001669	0.001669	0.000000	-0.001669
192564	chr5	139010000	139011000	chr5:139010000-139011000	131	NFR_overlapping_H3K27ac	0	0.000000	0.315787	0.315787	0.000000	0.315787
192564	chr5	139010000	139011000	chr5:139010000-139011000	132	Nucleosome_overlapping_H3K27ac	0	0.000000	0.491223	0.491223	0.000000	0.491223
192564	chr5	139010000	139011000	chr5:139010000-139011000	133	CTCF_overlapping_H3K27ac	0	0.000000	0.478703	0.478703	0.000000	0.478703
192564	chr5	139010000	139011000	chr5:139010000-139011000	134	Gata4_overlapping_H3K27ac	1	0.000000	-0.001077	0.001077	0.000000	-0.001077
192564	chr5	139010000	139011000	chr5:139010000-139011000	135	Gata6_overlapping_H3K27ac	0	0.000000	0.524262	0.524262	0.000000	0.524262
192564	chr5	139010000	139011000	chr5:139010000-139011000	136	H3K27me3_overlapping_H3K27ac	0	0.000000	0.487253	0.487253	0.000000	0.487253
192564	chr5	139010000	139011000	chr5:139010000-139011000	137	H3K4me1_overlapping_H3K27ac	0	0.000000	0.442480	0.442480	0.000000	0.442480
192564	chr5	139010000	139011000	chr5:139010000-139011000	138	H3K4me3_overlapping_H3K27ac	1	0.000000	-0.000116	0.000116	0.000000	-0.000116
192564	chr5	139010000	139011000	chr5:139010000-139011000	139	Hand2_overlapping_H3K27ac	1	0.000000	-0.001078	0.001078	0.000000	-0.001078
192564	chr5	139010000	139011000	chr5:139010000-139011000	140	Isl1_overlapping_H3K27ac	0	0.000000	0.485102	0.485102	0.000000	0.485102
192564	chr5	139010000	139011000	chr5:139010000-139011000	141	Nkx2_5_overlapping_H3K27ac	0	0.000000	0.275925	0.275925	0.000000	0.275925
192564	chr5	139010000	139011000	chr5:139010000-139011000	142	Tbx5_overlapping_H3K27ac	0	0.000000	0.377466	0.377466	0.000000	0.377466
192564	chr5	139010000	139011000	chr5:139010000-139011000	143	Rloop_overlapping_H3K27ac	1	0.000000	0.001399	0.001399	0.000000	0.001399
192564	chr5	139010000	139011000	chr5:139010000-139011000	144	H3K27me3_peak	1	0.507508	0.218767	0.288741	509.879727	13.704476
192564	chr5	139010000	139011000	chr5:139010000-139011000	145	H3K27me3_self_ratio	1	0.130000	0.043759	0.086241	0.130000	0.043759
192564	chr5	139010000	139011000	chr5:139010000-139011000	146	H3K27me3_bin_ratio	1	1.000000	0.343858	0.656142	1.000000	0.343858
192564	chr5	139010000	139011000	chr5:139010000-139011000	147	G4_overlapping_H3K27me3	0	0.000000	0.404516	0.404516	0.000000	0.404516
192564	chr5	139010000	139011000	chr5:139010000-139011000	148	ATAC_overlapping_H3K27me3	0	0.000000	0.470920	0.470920	0.000000	0.470920
192564	chr5	139010000	139011000	chr5:139010000-139011000	149	NFR_overlapping_H3K27me3	0	0.000000	0.358124	0.358124	0.000000	0.358124
192564	chr5	139010000	139011000	chr5:139010000-139011000	150	Nucleosome_overlapping_H3K27me3	0	0.000000	0.582078	0.582078	0.000000	0.582078
192564	chr5	139010000	139011000	chr5:139010000-139011000	151	CTCF_overlapping_H3K27me3	1	0.000000	0.001188	0.001188	0.000000	0.001188
192564	chr5	139010000	139011000	chr5:139010000-139011000	152	Gata4_overlapping_H3K27me3	1	0.000000	-0.000987	0.000987	0.000000	-0.000987
192564	chr5	139010000	139011000	chr5:139010000-139011000	153	Gata6_overlapping_H3K27me3	0	0.000000	0.507727	0.507727	0.000000	0.507727
192564	chr5	139010000	139011000	chr5:139010000-139011000	154	H3K27ac_overlapping_H3K27me3	1	0.000000	-0.000350	0.000350	0.000000	-0.000350
192564	chr5	139010000	139011000	chr5:139010000-139011000	155	H3K4me1_overlapping_H3K27me3	1	0.000000	0.002215	0.002215	0.000000	0.002215
192564	chr5	139010000	139011000	chr5:139010000-139011000	156	H3K4me3_overlapping_H3K27me3	0	0.000000	0.637892	0.637892	0.000000	0.637892
192564	chr5	139010000	139011000	chr5:139010000-139011000	157	Hand2_overlapping_H3K27me3	1	0.000000	0.001646	0.001646	0.000000	0.001646
192564	chr5	139010000	139011000	chr5:139010000-139011000	158	Isl1_overlapping_H3K27me3	0	0.000000	0.359982	0.359982	0.000000	0.359982
192564	chr5	139010000	139011000	chr5:139010000-139011000	159	Nkx2_5_overlapping_H3K27me3	0	0.000000	0.336520	0.336520	0.000000	0.336520
192564	chr5	139010000	139011000	chr5:139010000-139011000	160	Tbx5_overlapping_H3K27me3	0	0.000000	0.532762	0.532762	0.000000	0.532762
192564	chr5	139010000	139011000	chr5:139010000-139011000	161	Rloop_overlapping_H3K27me3	0	0.000000	0.546612	0.546612	0.000000	0.546612
192564	chr5	139010000	139011000	chr5:139010000-139011000	162	H3K4me1_peak	0	0.000000	0.381780	0.381780	0.000000	48.077996
192564	chr5	139010000	139011000	chr5:139010000-139011000	163	H3K4me1_self_ratio	1	0.000000	-0.000004	0.000004	0.000000	-0.000004
192564	chr5	139010000	139011000	chr5:139010000-139011000	164	H3K4me1_bin_ratio	1	0.000000	0.001618	0.001618	0.000000	0.001618
192564	chr5	139010000	139011000	chr5:139010000-139011000	165	G4_overlapping_H3K4me1	0	0.000000	0.455183	0.455183	0.000000	0.455183
192564	chr5	139010000	139011000	chr5:139010000-139011000	166	ATAC_overlapping_H3K4me1	0	0.000000	0.252695	0.252695	0.000000	0.252695
192564	chr5	139010000	139011000	chr5:139010000-139011000	167	NFR_overlapping_H3K4me1	0	0.000000	0.489698	0.489698	0.000000	0.489698
192564	chr5	139010000	139011000	chr5:139010000-139011000	168	Nucleosome_overlapping_H3K4me1	1	0.000000	0.000871	0.000871	0.000000	0.000871
192564	chr5	139010000	139011000	chr5:139010000-139011000	169	CTCF_overlapping_H3K4me1	1	0.000000	0.000682	0.000682	0.000000	0.000682
192564	chr5	139010000	139011000	chr5:139010000-139011000	170	Gata4_overlapping_H3K4me1	1	0.000000	0.000668	0.000668	0.000000	0.000668
192564	chr5	139010000	139011000	chr5:139010000-139011000	171	Gata6_overlapping_H3K4me1	0	0.000000	0.289198	0.289198	0.000000	0.289198
192564	chr5	139010000	139011000	chr5:139010000-139011000	172	H3K27ac_overlapping_H3K4me1	0	0.000000	0.166725	0.166725	0.000000	0.166725
192564	chr5	139010000	139011000	chr5:139010000-139011000	173	H3K27me3_overlapping_H3K4me1	0	0.000000	0.268529	0.268529	0.000000	0.268529
192564	chr5	139010000	139011000	chr5:139010000-139011000	174	H3K4me3_overlapping_H3K4me1	0	0.000000	0.419079	0.419079	0.000000	0.419079
192564	chr5	139010000	139011000	chr5:139010000-139011000	175	Hand2_overlapping_H3K4me1	1	0.000000	-0.001132	0.001132	0.000000	-0.001132
192564	chr5	139010000	139011000	chr5:139010000-139011000	176	Isl1_overlapping_H3K4me1	0	0.000000	0.180544	0.180544	0.000000	0.180544
192564	chr5	139010000	139011000	chr5:139010000-139011000	177	Nkx2_5_overlapping_H3K4me1	1	0.000000	-0.000613	0.000613	0.000000	-0.000613
192564	chr5	139010000	139011000	chr5:139010000-139011000	178	Tbx5_overlapping_H3K4me1	0	0.000000	0.385261	0.385261	0.000000	0.385261
192564	chr5	139010000	139011000	chr5:139010000-139011000	179	Rloop_overlapping_H3K4me1	0	0.000000	0.222933	0.222933	0.000000	0.222933
192564	chr5	139010000	139011000	chr5:139010000-139011000	180	H3K4me3_peak	1	0.000000	0.003762	0.003762	0.000000	0.037769
192564	chr5	139010000	139011000	chr5:139010000-139011000	181	H3K4me3_self_ratio	0	0.000000	0.351283	0.351283	0.000000	0.351283
192564	chr5	139010000	139011000	chr5:139010000-139011000	182	H3K4me3_bin_ratio	0	0.000000	0.326404	0.326404	0.000000	0.326404
192564	chr5	139010000	139011000	chr5:139010000-139011000	183	G4_overlapping_H3K4me3	0	0.000000	0.194561	0.194561	0.000000	0.194561
192564	chr5	139010000	139011000	chr5:139010000-139011000	184	ATAC_overlapping_H3K4me3	1	0.000000	-0.001470	0.001470	0.000000	-0.001470
192564	chr5	139010000	139011000	chr5:139010000-139011000	185	NFR_overlapping_H3K4me3	0	0.000000	0.290859	0.290859	0.000000	0.290859
192564	chr5	139010000	139011000	chr5:139010000-139011000	186	Nucleosome_overlapping_H3K4me3	0	0.000000	0.403050	0.403050	0.000000	0.403050
192564	chr5	139010000	139011000	chr5:139010000-139011000	187	CTCF_overlapping_H3K4me3	0	0.000000	0.514891	0.514891	0.000000	0.514891
192564	chr5	139010000	139011000	chr5:139010000-139011000	188	Gata4_overlapping_H3K4me3	0	0.000000	0.220762	0.220762	0.000000	0.220762
192564	chr5	139010000	139011000	chr5:139010000-139011000	189	Gata6_overlapping_H3K4me3	0	0.000000	0.483011	0.483011	0.000000	0.483011
192564	chr5	139010000	139011000	chr5:139010000-139011000	190	H3K27ac_overlapping_H3K4me3	0	0.000000	0.495490	0.495490	0.000000	0.495490
192564	chr5	139010000	139011000	chr5:139010000-139011000	191	H3K27me3_overlapping_H3K4me3	1	0.000000	-0.000471	0.000471	0.000000	-0.000471
192564	chr5	139010000	139011000	chr5:139010000-139011000	192	H3K4me1_overlapping_H3K4me3	0	0.000000	0.429072	0.429072	0.000000	0.429072
192564	chr5	139010000	139011000	chr5:139010000-139011000	193	Hand2_overlapping_H3K4me3	1	0.000000	-0.000183	0.000183	0.000000	-0.000183
192564	chr5	139010000	139011000	chr5:139010000-139011000	194	Isl1_overlapping_H3K4me3	0	0.000000	0.496292	0.496292	0.000000	0.496292
192564	chr5	139010000	139011000	chr5:139010000-139011000	195	Nkx2_5_overlapping_H3K4me3	1	0.000000	-0.000134	0.000134	0.000000	-0.000134
192564	chr5	139010000	139011000	chr5:139010000-139011000	196	Tbx5_overlapping_H3K4me3	0	0.000000	0.402869	0.402869	0.000000	0.402869
192564	chr5	139010000	139011000	chr5:139010000-139011000	197	Rloop_overlapping_H3K4me3	1	0.000000	0.000366	0.000366	0.000000	0.000366
192564	chr5	139010000	139011000	chr5:139010000-139011000	198	Hand2_peak	0	0.000000	0.380448	0.380448	0.000000	49.388423
192564	chr5	139010000	139011000	chr5:139010000-139011000	199	Hand2_self_ratio	0	0.000000	0.187180	0.187180	0.000000	0.187180
192564	chr5	139010000	139011000	chr5:139010000-139011000	200	Hand2_bin_ratio	1	0.000000	0.001141	0.001141	0.000000	0.001141
192564	chr5	139010000	139011000	chr5:139010000-139011000	201	G4_overlapping_Hand2	1	0.000000	0.001558	0.001558	0.000000	0.001558
192564	chr5	139010000	139011000	chr5:139010000-139011000	202	ATAC_overlapping_Hand2	1	0.000000	-0.000919	0.000919	0.000000	-0.000919
192564	chr5	139010000	139011000	chr5:139010000-139011000	203	NFR_overlapping_Hand2	0	0.000000	0.230019	0.230019	0.000000	0.230019
192564	chr5	139010000	139011000	chr5:139010000-139011000	204	Nucleosome_overlapping_Hand2	0	0.000000	0.376433	0.376433	0.000000	0.376433
192564	chr5	139010000	139011000	chr5:139010000-139011000	205	CTCF_overlapping_Hand2	1	0.000000	-0.001841	0.001841	0.000000	-0.001841
192564	chr5	139010000	139011000	chr5:139010000-139011000	206	Gata4_overlapping_Hand2	0	0.000000	0.439977	0.439977	0.000000	0.439977
192564	chr5	139010000	139011000	chr5:139010000-139011000	207	Gata6_overlapping_Hand2	0	0.000000	0.336616	0.336616	0.000000	0.336616
192564	chr5	139010000	139011000	chr5:139010000-139011000	208	H3K27ac_overlapping_Hand2	0	0.000000	0.362464	0.362464	0.000000	0.362464
192564	chr5	139010000	139011000	chr5:139010000-139011000	209	H3K27me3_overlapping_Hand2	0	0.000000	0.472405	0.472405	0.000000	0.472405
192564	chr5	139010000	139011000	chr5:139010000-139011000	210	H3K4me1_overlapping_Hand2	0	0.000000	0.368195	0.368195	0.000000	0.368195
192564	chr5	139010000	139011000	chr5:139010000-139011000	211	H3K4me3_overlapping_Hand2	0	0.000000	0.257124	0.257124	0.000000	0.257124
192564	chr5	139010000	139011000	chr5:139010000-139011000	212	Isl1_overlapping_Hand2	0	0.000000	0.100840	0.100840	0.000000	0.100840
192564	chr5	139010000	139011000	chr5:139010000-139011000	213	Nkx2_5_overlapping_Hand2	1	0.000000	-0.000345	0.000345	0.000000	-0.000345
192564	chr5	139010000	139011000	chr5:139010000-139011000	214	Tbx5_overlapping_Hand2	0	0.000000	0.264978	0.264978	0.000000	0.264978
192564	chr5	139010000	139011000	chr5:139010000-139011000	215	Rloop_overlapping_Hand2	0	0.000000	0.399456	0.399456	0.000000	0.399456
192564	chr5	139010000	139011000	chr5:139010000-139011000	216	Isl1_peak	0	0.000000	0.386242	0.386242	0.000000	12.138541
192564	chr5	139010000	139011000	chr5:139010000-139011000	217	Isl1_self_ratio	1	0.000000	0.001425	0.001425	0.000000	0.001425
192564	chr5	139010000	139011000	chr5:139010000-139011000	218	Isl1_bin_ratio	0	0.000000	0.350912	0.350912	0.000000	0.350912
192564	chr5	139010000	139011000	chr5:139010000-139011000	219	G4_overlapping_Isl1	0	0.000000	0.300067	0.300067	0.000000	0.300067
192564	chr5	139010000	139011000	chr5:139010000-139011000	220	ATAC_overlapping_Isl1	0	0.000000	0.590193	0.590193	0.000000	0.590193
192564	chr5	139010000	139011000	chr5:139010000-139011000	221	NFR_overlapping_Isl1	0	0.000000	0.461043	0.461043	0.000000	0.461043
192564	chr5	139010000	139011000	chr5:139010000-139011000	222	Nucleosome_overlapping_Isl1	0	0.000000	0.435183	0.435183	0.000000	0.435183
192564	chr5	139010000	139011000	chr5:139010000-139011000	223	CTCF_overlapping_Isl1	0	0.000000	0.281102	0.281102	0.000000	0.281102
192564	chr5	139010000	139011000	chr5:139010000-139011000	224	Gata4_overlapping_Isl1	0	0.000000	0.259891	0.259891	0.000000	0.259891
192564	chr5	139010000	139011000	chr5:139010000-139011000	225	Gata6_overlapping_Isl1	0	0.000000	0.456716	0.456716	0.000000	0.456716
192564	chr5	139010000	139011000	chr5:139010000-139011000	226	H3K27ac_overlapping_Isl1	0	0.000000	0.367746	0.367746	0.000000	0.367746
192564	chr5	139010000	139011000	chr5:139010000-139011000	227	H3K27me3_overlapping_Isl1	1	0.000000	0.000502	0.000502	0.000000	0.000502
192564	chr5	139010000	139011000	chr5:139010000-139011000	228	H3K4me1_overlapping_Isl1	0	0.000000	0.277189	0.277189	0.000000	0.277189
192564	chr5	139010000	139011000	chr5:139010000-139011000	229	H3K4me3_overlapping_Isl1	0	0.000000	0.408791	0.408791	0.000000	0.408791
192564	chr5	139010000	139011000	chr5:139010000-139011000	230	Hand2_overlapping_Isl1	1	0.000000	-0.000230	0.000230	0.000000	-0.000230
192564	chr5	139010000	139011000	chr5:139010000-139011000	231	Nkx2_5_overlapping_Isl1	1	0.000000	-0.000598	0.000598	0.000000	-0.000598
192564	chr5	139010000	139011000	chr5:139010000-139011000	232	Tbx5_overlapping_Isl1	0	0.000000	0.318085	0.318085	0.000000	0.318085
192564	chr5	139010000	139011000	chr5:139010000-139011000	233	Rloop_overlapping_Isl1	0	0.000000	0.648684	0.648684	0.000000	0.648684
192564	chr5	139010000	139011000	chr5:139010000-139011000	234	Nkx2_5_peak	1	0.000000	0.000032	0.000032	0.000000	0.000267
192564	chr5	139010000	139011000	chr5:139010000-139011000	235	Nkx2_5_self_ratio	0	0.000000	0.417896	0.417896	0.000000	0.417896
192564	chr5	139010000	139011000	chr5:139010000-139011000	236	Nkx2_5_bin_ratio	1	0.000000	0.000787	0.000787	0.000000	0.000787
192564	chr5	139010000	139011000	chr5:139010000-139011000	237	G4_overlapping_Nkx2_5	0	0.000000	0.216324	0.216324	0.000000	0.216324
192564	chr5	139010000	139011000	chr5:139010000-139011000	238	ATAC_overlapping_Nkx2_5	0	0.000000	0.325013	0.325013	0.000000	0.325013
192564	chr5	139010000	139011000	chr5:139010000-139011000	239	NFR_overlapping_Nkx2_5	0	0.000000	0.321063	0.321063	0.000000	0.321063
192564	chr5	139010000	139011000	chr5:139010000-139011000	240	Nucleosome_overlapping_Nkx2_5	0	0.000000	0.217986	0.217986	0.000000	0.217986
192564	chr5	139010000	139011000	chr5:139010000-139011000	241	CTCF_overlapping_Nkx2_5	1	0.000000	0.002055	0.002055	0.000000	0.002055
192564	chr5	139010000	139011000	chr5:139010000-139011000	242	Gata4_overlapping_Nkx2_5	0	0.000000	0.381093	0.381093	0.000000	0.381093
192564	chr5	139010000	139011000	chr5:139010000-139011000	243	Gata6_overlapping_Nkx2_5	1	0.000000	0.000367	0.000367	0.000000	0.000367
192564	chr5	139010000	139011000	chr5:139010000-139011000	244	H3K27ac_overlapping_Nkx2_5	1	0.000000	-0.000294	0.000294	0.000000	-0.000294
192564	chr5	139010000	139011000	chr5:139010000-139011000	245	H3K27me3_overlapping_Nkx2_5	1	0.000000	0.000763	0.000763	0.000000	0.000763
192564	chr5	139010000	139011000	chr5:139010000-139011000	246	H3K4me1_overlapping_Nkx2_5	1	0.000000	0.001009	0.001009	0.000000	0.001009
192564	chr5	139010000	139011000	chr5:139010000-139011000	247	H3K4me3_overlapping_Nkx2_5	0	0.000000	0.417466	0.417466	0.000000	0.417466
192564	chr5	139010000	139011000	chr5:139010000-139011000	248	Hand2_overlapping_Nkx2_5	0	0.000000	0.492901	0.492901	0.000000	0.492901
192564	chr5	139010000	139011000	chr5:139010000-139011000	249	Isl1_overlapping_Nkx2_5	0	0.000000	0.246762	0.246762	0.000000	0.246762
192564	chr5	139010000	139011000	chr5:139010000-139011000	250	Tbx5_overlapping_Nkx2_5	0	0.000000	0.287024	0.287024	0.000000	0.287024
192564	chr5	139010000	139011000	chr5:139010000-139011000	251	Rloop_overlapping_Nkx2_5	1	0.000000	-0.000864	0.000864	0.000000	-0.000864
192564	chr5	139010000	139011000	chr5:139010000-139011000	252	Tbx5_peak	1	0.000000	-0.001804	0.001804	0.000000	-0.013663
192564	chr5	139010000	139011000	chr5:139010000-139011000	253	Tbx5_self_ratio	1	0.000000	-0.001104	0.001104	0.000000	-0.001104
192564	chr5	139010000	139011000	chr5:139010000-139011000	254	Tbx5_bin_ratio	0	0.000000	0.341576	0.341576	0.000000	0.341576
192564	chr5	139010000	139011000	chr5:139010000-139011000	255	G4_overlapping_Tbx5	1	0.000000	-0.000549	0.000549	0.000000	-0.000549
192564	chr5	139010000	139011000	chr5:139010000-139011000	256	ATAC_overlapping_Tbx5	1	0.000000	0.000220	0.000220	0.000000	0.000220
192564	chr5	139010000	139011000	chr5:139010000-139011000	257	NFR_overlapping_Tbx5	0	0.000000	0.514190	0.514190	0.000000	0.514190
192564	chr5	139010000	139011000	chr5:139010000-139011000	258	Nucleosome_overlapping_Tbx5	0	0.000000	0.376186	0.376186	0.000000	0.376186
192564	chr5	139010000	139011000	chr5:139010000-139011000	259	CTCF_overlapping_Tbx5	1	0.000000	-0.000371	0.000371	0.000000	-0.000371
192564	chr5	139010000	139011000	chr5:139010000-139011000	260	Gata4_overlapping_Tbx5	1	0.000000	0.000985	0.000985	0.000000	0.000985
192564	chr5	139010000	139011000	chr5:139010000-139011000	261	Gata6_overlapping_Tbx5	0	0.000000	0.431980	0.431980	0.000000	0.431980
192564	chr5	139010000	139011000	chr5:139010000-139011000	262	H3K27ac_overlapping_Tbx5	1	0.000000	0.002490	0.002490	0.000000	0.002490
192564	chr5	139010000	139011000	chr5:139010000-139011000	263	H3K27me3_overlapping_Tbx5	0	0.000000	0.544719	0.544719	0.000000	0.544719
192564	chr5	139010000	139011000	chr5:139010000-139011000	264	H3K4me1_overlapping_Tbx5	1	0.000000	0.002813	0.002813	0.000000	0.002813
192564	chr5	139010000	139011000	chr5:139010000-139011000	265	H3K4me3_overlapping_Tbx5	0	0.000000	0.550599	0.550599	0.000000	0.550599
192564	chr5	139010000	139011000	chr5:139010000-139011000	266	Hand2_overlapping_Tbx5	1	0.000000	0.000391	0.000391	0.000000	0.000391
192564	chr5	139010000	139011000	chr5:139010000-139011000	267	Isl1_overlapping_Tbx5	0	0.000000	0.359446	0.359446	0.000000	0.359446
192564	chr5	139010000	139011000	chr5:139010000-139011000	268	Nkx2_5_overlapping_Tbx5	0	0.000000	0.286759	0.286759	0.000000	0.286759
192564	chr5	139010000	139011000	chr5:139010000-139011000	269	Rloop_overlapping_Tbx5	1	0.000000	-0.000927	0.000927	0.000000	-0.000927
192564	chr5	139010000	139011000	chr5:139010000-139011000	270	Rloop_peak	1	0.000000	0.001392	0.001392	0.000000	0.007207
192564	chr5	139010000	139011000	chr5:139010000-139011000	271	Rloop_self_ratio	0	0.000000	0.270613	0.270613	0.000000	0.270613
192564	chr5	139010000	139011000	chr5:139010000-139011000	272	Rloop_bin_ratio	0	0.000000	0.353354	0.353354	0.000000	0.353354
192564	chr5	139010000	139011000	chr5:139010000-139011000	273	G4_overlapping_Rloop	0	0.000000	0.139770	0.139770	0.000000	0.139770
192564	chr5	139010000	139011000	chr5:139010000-139011000	274	ATAC_overlapping_Rloop	1	0.000000	-0.000263	0.000263	0.000000	-0.000263
192564	chr5	139010000	139011000	chr5:139010000-139011000	275	NFR_overlapping_Rloop	0	0.000000	0.412210	0.412210	0.000000	0.412210
192564	chr5	139010000	139011000	chr5:139010000-139011000	276	Nucleosome_overlapping_Rloop	1	0.000000	0.001199	0.001199	0.000000	0.001199
192564	chr5	139010000	139011000	chr5:139010000-139011000	277	CTCF_overlapping_Rloop	0	0.000000	0.298962	0.298962	0.000000	0.298962
192564	chr5	139010000	139011000	chr5:139010000-139011000	278	Gata4_overlapping_Rloop	0	0.000000	0.459212	0.459212	0.000000	0.459212
192564	chr5	139010000	139011000	chr5:139010000-139011000	279	Gata6_overlapping_Rloop	1	0.000000	-0.000002	0.000002	0.000000	-0.000002
192564	chr5	139010000	139011000	chr5:139010000-139011000	280	H3K27ac_overlapping_Rloop	1	0.000000	0.000093	0.000093	0.000000	0.000093
192564	chr5	139010000	139011000	chr5:139010000-139011000	281	H3K27me3_overlapping_Rloop	0	0.000000	0.206084	0.206084	0.000000	0.206084
192564	chr5	139010000	139011000	chr5:139010000-139011000	282	H3K4me1_overlapping_Rloop	0	0.000000	0.254967	0.254967	0.000000	0.254967
192564	chr5	139010000	139011000	chr5:139010000-139011000	283	H3K4me3_overlapping_Rloop	0	0.000000	0.198015	0.198015	0.000000	0.198015
192564	chr5	139010000	139011000	chr5:139010000-139011000	284	Hand2_overlapping_Rloop	0	0.000000	0.450734	0.450734	0.000000	0.450734
192564	chr5	139010000	139011000	chr5:139010000-139011000	285	Isl1_overlapping_Rloop	1	0.000000	-0.001271	0.001271	0.000000	-0.001271
192564	chr5	139010000	139011000	chr5:139010000-139011000	286	Nkx2_5_overlapping_Rloop	1	0.000000	-0.000867	0.000867	0.000000	-0.000867
192564	chr5	139010000	139011000	chr5:139010000-139011000	287	Tbx5_overlapping_Rloop	1	0.000000	0.000227	0.000227	0.000000	0.000227
319743	chr8	120677000	120678000	chr8:120677000-120678000	0	G4_peak	0	0.000000	0.392695	0.392695	0.000000	6.887234
319743	chr8	120677000	120678000	chr8:120677000-120678000	1	G4_self_ratio	0	0.000000	0.515790	0.515790	0.000000	0.515790
319743	chr8	120677000	120678000	chr8:120677000-120678000	2	G4_bin_ratio	1	0.000000	0.001240	0.001240	0.000000	0.001240
319743	chr8	120677000	120678000	chr8:120677000-120678000	3	ATAC_overlapping_G4	0	0.000000	0.624840	0.624840	0.000000	0.624840
319743	chr8	120677000	120678000	chr8:120677000-120678000	4	NFR_overlapping_G4	0	0.000000	0.442760	0.442760	0.000000	0.442760
319743	chr8	120677000	120678000	chr8:120677000-120678000	5	Nucleosome_overlapping_G4	0	0.000000	-0.009619	0.009619	0.000000	-0.009619
319743	chr8	120677000	120678000	chr8:120677000-120678000	6	CTCF_overlapping_G4	0	0.000000	0.522176	0.522176	0.000000	0.522176
319743	chr8	120677000	120678000	chr8:120677000-120678000	7	Gata4_overlapping_G4	0	0.000000	0.259498	0.259498	0.000000	0.259498
319743	chr8	120677000	120678000	chr8:120677000-120678000	8	Gata6_overlapping_G4	0	0.000000	0.203139	0.203139	0.000000	0.203139
319743	chr8	120677000	120678000	chr8:120677000-120678000	9	H3K27ac_overlapping_G4	0	0.000000	0.175428	0.175428	0.000000	0.175428
319743	chr8	120677000	120678000	chr8:120677000-120678000	10	H3K27me3_overlapping_G4	1	0.000000	-0.000490	0.000490	0.000000	-0.000490
319743	chr8	120677000	120678000	chr8:120677000-120678000	11	H3K4me1_overlapping_G4	0	0.000000	0.493283	0.493283	0.000000	0.493283
319743	chr8	120677000	120678000	chr8:120677000-120678000	12	H3K4me3_overlapping_G4	0	0.000000	0.519839	0.519839	0.000000	0.519839
319743	chr8	120677000	120678000	chr8:120677000-120678000	13	Hand2_overlapping_G4	0	0.000000	0.488213	0.488213	0.000000	0.488213
319743	chr8	120677000	120678000	chr8:120677000-120678000	14	Isl1_overlapping_G4	0	0.000000	0.268302	0.268302	0.000000	0.268302
319743	chr8	120677000	120678000	chr8:120677000-120678000	15	Nkx2_5_overlapping_G4	1	0.000000	-0.000510	0.000510	0.000000	-0.000510
319743	chr8	120677000	120678000	chr8:120677000-120678000	16	Tbx5_overlapping_G4	1	0.000000	-0.000014	0.000014	0.000000	-0.000014
319743	chr8	120677000	120678000	chr8:120677000-120678000	17	Rloop_overlapping_G4	0	0.000000	0.400464	0.400464	0.000000	0.400464
319743	chr8	120677000	120678000	chr8:120677000-120678000	18	ATAC_peak	1	0.703160	0.650402	0.052757	236.450003	156.519858
319743	chr8	120677000	120678000	chr8:120677000-120678000	19	ATAC_self_ratio	0	0.420000	0.522093	0.102093	0.420000	0.522093
319743	chr8	120677000	120678000	chr8:120677000-120678000	20	ATAC_bin_ratio	0	1.000000	0.631049	0.368951	1.000000	0.631049
319743	chr8	120677000	120678000	chr8:120677000-120678000	21	G4_overlapping_ATAC	0	0.000000	0.146615	0.146615	0.000000	0.146615
319743	chr8	120677000	120678000	chr8:120677000-120678000	22	NFR_overlapping_ATAC	1	0.000000	0.000231	0.000231	0.000000	0.000231
319743	chr8	120677000	120678000	chr8:120677000-120678000	23	Nucleosome_overlapping_ATAC	1	0.000000	0.001788	0.001788	0.000000	0.001788
319743	chr8	120677000	120678000	chr8:120677000-120678000	24	CTCF_overlapping_ATAC	0	1.000000	0.443102	0.556898	1.000000	0.443102
319743	chr8	120677000	120678000	chr8:120677000-120678000	25	Gata4_overlapping_ATAC	0	1.000000	0.778390	0.221610	1.000000	0.778390
319743	chr8	120677000	120678000	chr8:120677000-120678000	26	Gata6_overlapping_ATAC	0	0.000000	0.433743	0.433743	0.000000	0.433743
319743	chr8	120677000	120678000	chr8:120677000-120678000	27	H3K27ac_overlapping_ATAC	1	1.000000	1.003484	0.003484	1.000000	1.003484
319743	chr8	120677000	120678000	chr8:120677000-120678000	28	H3K27me3_overlapping_ATAC	0	1.000000	0.762319	0.237681	1.000000	0.762319
319743	chr8	120677000	120678000	chr8:120677000-120678000	29	H3K4me1_overlapping_ATAC	0	1.000000	0.655849	0.344151	1.000000	0.655849
319743	chr8	120677000	120678000	chr8:120677000-120678000	30	H3K4me3_overlapping_ATAC	0	1.000000	0.823506	0.176494	1.000000	0.823506
319743	chr8	120677000	120678000	chr8:120677000-120678000	31	Hand2_overlapping_ATAC	1	1.000000	1.004265	0.004265	1.000000	1.004265
319743	chr8	120677000	120678000	chr8:120677000-120678000	32	Isl1_overlapping_ATAC	0	0.000000	0.327307	0.327307	0.000000	0.327307
319743	chr8	120677000	120678000	chr8:120677000-120678000	33	Nkx2_5_overlapping_ATAC	0	0.000000	0.192780	0.192780	0.000000	0.192780
319743	chr8	120677000	120678000	chr8:120677000-120678000	34	Tbx5_overlapping_ATAC	0	0.000000	0.696405	0.696405	0.000000	0.696405
319743	chr8	120677000	120678000	chr8:120677000-120678000	35	Rloop_overlapping_ATAC	1	0.000000	-0.000029	0.000029	0.000000	-0.000029
319743	chr8	120677000	120678000	chr8:120677000-120678000	36	NFR_peak	0	0.000000	0.322720	0.322720	0.000000	9.333666
319743	chr8	120677000	120678000	chr8:120677000-120678000	37	NFR_self_ratio	1	0.000000	0.001589	0.001589	0.000000	0.001589
319743	chr8	120677000	120678000	chr8:120677000-120678000	38	NFR_bin_ratio	0	0.000000	0.309942	0.309942	0.000000	0.309942
319743	chr8	120677000	120678000	chr8:120677000-120678000	39	G4_overlapping_NFR	0	0.000000	0.355722	0.355722	0.000000	0.355722
319743	chr8	120677000	120678000	chr8:120677000-120678000	40	ATAC_overlapping_NFR	0	0.000000	0.578702	0.578702	0.000000	0.578702
319743	chr8	120677000	120678000	chr8:120677000-120678000	41	Nucleosome_overlapping_NFR	1	0.000000	0.000086	0.000086	0.000000	0.000086
319743	chr8	120677000	120678000	chr8:120677000-120678000	42	CTCF_overlapping_NFR	0	0.000000	0.338586	0.338586	0.000000	0.338586
319743	chr8	120677000	120678000	chr8:120677000-120678000	43	Gata4_overlapping_NFR	0	0.000000	0.306762	0.306762	0.000000	0.306762
319743	chr8	120677000	120678000	chr8:120677000-120678000	44	Gata6_overlapping_NFR	0	0.000000	0.413771	0.413771	0.000000	0.413771
319743	chr8	120677000	120678000	chr8:120677000-120678000	45	H3K27ac_overlapping_NFR	0	0.000000	0.341263	0.341263	0.000000	0.341263
319743	chr8	120677000	120678000	chr8:120677000-120678000	46	H3K27me3_overlapping_NFR	0	0.000000	0.315225	0.315225	0.000000	0.315225
319743	chr8	120677000	120678000	chr8:120677000-120678000	47	H3K4me1_overlapping_NFR	1	0.000000	-0.001646	0.001646	0.000000	-0.001646
319743	chr8	120677000	120678000	chr8:120677000-120678000	48	H3K4me3_overlapping_NFR	0	0.000000	0.239041	0.239041	0.000000	0.239041
319743	chr8	120677000	120678000	chr8:120677000-120678000	49	Hand2_overlapping_NFR	0	0.000000	0.219397	0.219397	0.000000	0.219397
319743	chr8	120677000	120678000	chr8:120677000-120678000	50	Isl1_overlapping_NFR	0	0.000000	0.214100	0.214100	0.000000	0.214100
319743	chr8	120677000	120678000	chr8:120677000-120678000	51	Nkx2_5_overlapping_NFR	0	0.000000	0.294462	0.294462	0.000000	0.294462
319743	chr8	120677000	120678000	chr8:120677000-120678000	52	Tbx5_overlapping_NFR	0	0.000000	0.407855	0.407855	0.000000	0.407855
319743	chr8	120677000	120678000	chr8:120677000-120678000	53	Rloop_overlapping_NFR	0	0.000000	0.261012	0.261012	0.000000	0.261012
319743	chr8	120677000	120678000	chr8:120677000-120678000	54	Nucleosome_peak	0	0.000000	0.354604	0.354604	0.000000	12.939470
319743	chr8	120677000	120678000	chr8:120677000-120678000	55	Nucleosome_self_ratio	1	0.000000	-0.001248	0.001248	0.000000	-0.001248
319743	chr8	120677000	120678000	chr8:120677000-120678000	56	Nucleosome_bin_ratio	0	0.000000	0.336515	0.336515	0.000000	0.336515
319743	chr8	120677000	120678000	chr8:120677000-120678000	57	G4_overlapping_Nucleosome	0	0.000000	0.385032	0.385032	0.000000	0.385032
319743	chr8	120677000	120678000	chr8:120677000-120678000	58	ATAC_overlapping_Nucleosome	1	0.000000	0.000250	0.000250	0.000000	0.000250
319743	chr8	120677000	120678000	chr8:120677000-120678000	59	NFR_overlapping_Nucleosome	0	0.000000	0.431278	0.431278	0.000000	0.431278
319743	chr8	120677000	120678000	chr8:120677000-120678000	60	CTCF_overlapping_Nucleosome	0	0.000000	0.481957	0.481957	0.000000	0.481957
319743	chr8	120677000	120678000	chr8:120677000-120678000	61	Gata4_overlapping_Nucleosome	0	0.000000	0.221645	0.221645	0.000000	0.221645
319743	chr8	120677000	120678000	chr8:120677000-120678000	62	Gata6_overlapping_Nucleosome	1	0.000000	-0.000096	0.000096	0.000000	-0.000096
319743	chr8	120677000	120678000	chr8:120677000-120678000	63	H3K27ac_overlapping_Nucleosome	1	0.000000	0.000413	0.000413	0.000000	0.000413
319743	chr8	120677000	120678000	chr8:120677000-120678000	64	H3K27me3_overlapping_Nucleosome	0	0.000000	0.395785	0.395785	0.000000	0.395785
319743	chr8	120677000	120678000	chr8:120677000-120678000	65	H3K4me1_overlapping_Nucleosome	1	0.000000	-0.001172	0.001172	0.000000	-0.001172
319743	chr8	120677000	120678000	chr8:120677000-120678000	66	H3K4me3_overlapping_Nucleosome	0	0.000000	0.501049	0.501049	0.000000	0.501049
319743	chr8	120677000	120678000	chr8:120677000-120678000	67	Hand2_overlapping_Nucleosome	0	0.000000	0.588936	0.588936	0.000000	0.588936
319743	chr8	120677000	120678000	chr8:120677000-120678000	68	Isl1_overlapping_Nucleosome	1	0.000000	0.002180	0.002180	0.000000	0.002180
319743	chr8	120677000	120678000	chr8:120677000-120678000	69	Nkx2_5_overlapping_Nucleosome	1	0.000000	0.001105	0.001105	0.000000	0.001105
319743	chr8	120677000	120678000	chr8:120677000-120678000	70	Tbx5_overlapping_Nucleosome	0	0.000000	0.262852	0.262852	0.000000	0.262852
319743	chr8	120677000	120678000	chr8:120677000-120678000	71	Rloop_overlapping_Nucleosome	0	0.000000	-0.035004	0.035004	0.000000	-0.035004
319743	chr8	120677000	120678000	chr8:120677000-120678000	72	CTCF_peak	0	1.000000	0.647600	0.352400	11407.842738	423.102749
319743	chr8	120677000	120678000	chr8:120677000-120678000	73	CTCF_self_ratio	1	0.010000	0.017877	0.007877	0.010000	0.017877
319743	chr8	120677000	120678000	chr8:120677000-120678000	74	CTCF_bin_ratio	1	1.000000	0.997548	0.002452	1.000000	0.997548
319743	chr8	120677000	120678000	chr8:120677000-120678000	75	G4_overlapping_CTCF	0	0.000000	0.502697	0.502697	0.000000	0.502697
319743	chr8	120677000	120678000	chr8:120677000-120678000	76	ATAC_overlapping_CTCF	0	1.000000	0.631079	0.368921	1.000000	0.631079
319743	chr8	120677000	120678000	chr8:120677000-120678000	77	NFR_overlapping_CTCF	1	0.000000	0.000983	0.000983	0.000000	0.000983
319743	chr8	120677000	120678000	chr8:120677000-120678000	78	Nucleosome_overlapping_CTCF	0	0.000000	0.365215	0.365215	0.000000	0.365215
319743	chr8	120677000	120678000	chr8:120677000-120678000	79	Gata4_overlapping_CTCF	0	1.000000	0.789548	0.210452	1.000000	0.789548
319743	chr8	120677000	120678000	chr8:120677000-120678000	80	Gata6_overlapping_CTCF	0	0.000000	0.399826	0.399826	0.000000	0.399826
319743	chr8	120677000	120678000	chr8:120677000-120678000	81	H3K27ac_overlapping_CTCF	1	1.000000	0.998045	0.001955	1.000000	0.998045
319743	chr8	120677000	120678000	chr8:120677000-120678000	82	H3K27me3_overlapping_CTCF	0	1.000000	0.733208	0.266792	1.000000	0.733208
319743	chr8	120677000	120678000	chr8:120677000-120678000	83	H3K4me1_overlapping_CTCF	1	1.000000	1.002908	0.002908	1.000000	1.002908
319743	chr8	120677000	120678000	chr8:120677000-120678000	84	H3K4me3_overlapping_CTCF	1	1.000000	0.998919	0.001081	1.000000	0.998919
319743	chr8	120677000	120678000	chr8:120677000-120678000	85	Hand2_overlapping_CTCF	0	1.000000	0.623101	0.376899	1.000000	0.623101
319743	chr8	120677000	120678000	chr8:120677000-120678000	86	Isl1_overlapping_CTCF	1	0.000000	-0.000079	0.000079	0.000000	-0.000079
319743	chr8	120677000	120678000	chr8:120677000-120678000	87	Nkx2_5_overlapping_CTCF	1	0.000000	-0.000527	0.000527	0.000000	-0.000527
319743	chr8	120677000	120678000	chr8:120677000-120678000	88	Tbx5_overlapping_CTCF	1	0.000000	-0.002362	0.002362	0.000000	-0.002362
319743	chr8	120677000	120678000	chr8:120677000-120678000	89	Rloop_overlapping_CTCF	1	0.000000	0.000385	0.000385	0.000000	0.000385
319743	chr8	120677000	120678000	chr8:120677000-120678000	90	Gata4_peak	0	0.770607	0.791471	0.020863	3204.481631	3987.523031
319743	chr8	120677000	120678000	chr8:120677000-120678000	91	Gata4_self_ratio	1	0.020000	0.022367	0.002367	0.020000	0.022367
319743	chr8	120677000	120678000	chr8:120677000-120678000	92	Gata4_bin_ratio	0	1.000000	0.880425	0.119575	1.000000	0.880425
319743	chr8	120677000	120678000	chr8:120677000-120678000	93	G4_overlapping_Gata4	0	0.000000	0.507496	0.507496	0.000000	0.507496
319743	chr8	120677000	120678000	chr8:120677000-120678000	94	ATAC_overlapping_Gata4	0	1.000000	0.820967	0.179033	1.000000	0.820967
319743	chr8	120677000	120678000	chr8:120677000-120678000	95	NFR_overlapping_Gata4	0	0.000000	0.394175	0.394175	0.000000	0.394175
319743	chr8	120677000	120678000	chr8:120677000-120678000	96	Nucleosome_overlapping_Gata4	1	0.000000	0.002202	0.002202	0.000000	0.002202
319743	chr8	120677000	120678000	chr8:120677000-120678000	97	CTCF_overlapping_Gata4	0	1.000000	0.604359	0.395641	1.000000	0.604359
319743	chr8	120677000	120678000	chr8:120677000-120678000	98	Gata6_overlapping_Gata4	0	0.000000	0.040017	0.040017	0.000000	0.040017
319743	chr8	120677000	120678000	chr8:120677000-120678000	99	H3K27ac_overlapping_Gata4	1	1.000000	0.993691	0.006309	1.000000	0.993691
319743	chr8	120677000	120678000	chr8:120677000-120678000	100	H3K27me3_overlapping_Gata4	1	1.000000	0.997635	0.002365	1.000000	0.997635
319743	chr8	120677000	120678000	chr8:120677000-120678000	101	H3K4me1_overlapping_Gata4	1	1.000000	0.998657	0.001343	1.000000	0.998657
319743	chr8	120677000	120678000	chr8:120677000-120678000	102	H3K4me3_overlapping_Gata4	0	1.000000	0.701760	0.298240	1.000000	0.701760
319743	chr8	120677000	120678000	chr8:120677000-120678000	103	Hand2_overlapping_Gata4	0	1.000000	0.668687	0.331313	1.000000	0.668687
319743	chr8	120677000	120678000	chr8:120677000-120678000	104	Isl1_overlapping_Gata4	0	0.000000	0.337110	0.337110	0.000000	0.337110
319743	chr8	120677000	120678000	chr8:120677000-120678000	105	Nkx2_5_overlapping_Gata4	0	0.000000	0.302976	0.302976	0.000000	0.302976
319743	chr8	120677000	120678000	chr8:120677000-120678000	106	Tbx5_overlapping_Gata4	1	0.000000	0.000664	0.000664	0.000000	0.000664
319743	chr8	120677000	120678000	chr8:120677000-120678000	107	Rloop_overlapping_Gata4	0	0.000000	0.366137	0.366137	0.000000	0.366137
319743	chr8	120677000	120678000	chr8:120677000-120678000	108	Gata6_peak	0	0.000000	0.249396	0.249396	0.000000	10.978304
319743	chr8	120677000	120678000	chr8:120677000-120678000	109	Gata6_self_ratio	0	0.000000	0.350232	0.350232	0.000000	0.350232
319743	chr8	120677000	120678000	chr8:120677000-120678000	110	Gata6_bin_ratio	0	0.000000	0.287342	0.287342	0.000000	0.287342
319743	chr8	120677000	120678000	chr8:120677000-120678000	111	G4_overlapping_Gata6	1	0.000000	0.000771	0.000771	0.000000	0.000771
319743	chr8	120677000	120678000	chr8:120677000-120678000	112	ATAC_overlapping_Gata6	0	0.000000	0.125561	0.125561	0.000000	0.125561
319743	chr8	120677000	120678000	chr8:120677000-120678000	113	NFR_overlapping_Gata6	0	0.000000	0.204464	0.204464	0.000000	0.204464
319743	chr8	120677000	120678000	chr8:120677000-120678000	114	Nucleosome_overlapping_Gata6	0	0.000000	0.014079	0.014079	0.000000	0.014079
319743	chr8	120677000	120678000	chr8:120677000-120678000	115	CTCF_overlapping_Gata6	0	0.000000	0.410689	0.410689	0.000000	0.410689
319743	chr8	120677000	120678000	chr8:120677000-120678000	116	Gata4_overlapping_Gata6	1	0.000000	0.000893	0.000893	0.000000	0.000893
319743	chr8	120677000	120678000	chr8:120677000-120678000	117	H3K27ac_overlapping_Gata6	0	0.000000	0.297031	0.297031	0.000000	0.297031
319743	chr8	120677000	120678000	chr8:120677000-120678000	118	H3K27me3_overlapping_Gata6	0	0.000000	0.305159	0.305159	0.000000	0.305159
319743	chr8	120677000	120678000	chr8:120677000-120678000	119	H3K4me1_overlapping_Gata6	0	0.000000	0.293039	0.293039	0.000000	0.293039
319743	chr8	120677000	120678000	chr8:120677000-120678000	120	H3K4me3_overlapping_Gata6	1	0.000000	-0.000284	0.000284	0.000000	-0.000284
319743	chr8	120677000	120678000	chr8:120677000-120678000	121	Hand2_overlapping_Gata6	1	0.000000	0.003019	0.003019	0.000000	0.003019
319743	chr8	120677000	120678000	chr8:120677000-120678000	122	Isl1_overlapping_Gata6	0	0.000000	0.149772	0.149772	0.000000	0.149772
319743	chr8	120677000	120678000	chr8:120677000-120678000	123	Nkx2_5_overlapping_Gata6	1	0.000000	-0.001288	0.001288	0.000000	-0.001288
319743	chr8	120677000	120678000	chr8:120677000-120678000	124	Tbx5_overlapping_Gata6	1	0.000000	0.001828	0.001828	0.000000	0.001828
319743	chr8	120677000	120678000	chr8:120677000-120678000	125	Rloop_overlapping_Gata6	0	0.000000	0.269325	0.269325	0.000000	0.269325
319743	chr8	120677000	120678000	chr8:120677000-120678000	126	H3K27ac_peak	0	0.900957	0.761872	0.139084	4069.781240	1127.334344
319743	chr8	120677000	120678000	chr8:120677000-120678000	127	H3K27ac_self_ratio	1	0.020000	0.036255	0.016255	0.020000	0.036255
319743	chr8	120677000	120678000	chr8:120677000-120678000	128	H3K27ac_bin_ratio	0	1.000000	0.814758	0.185242	1.000000	0.814758
319743	chr8	120677000	120678000	chr8:120677000-120678000	129	G4_overlapping_H3K27ac	1	0.000000	-0.000894	0.000894	0.000000	-0.000894
319743	chr8	120677000	120678000	chr8:120677000-120678000	130	ATAC_overlapping_H3K27ac	1	1.000000	0.989531	0.010469	1.000000	0.989531
319743	chr8	120677000	120678000	chr8:120677000-120678000	131	NFR_overlapping_H3K27ac	1	0.000000	-0.000273	0.000273	0.000000	-0.000273
319743	chr8	120677000	120678000	chr8:120677000-120678000	132	Nucleosome_overlapping_H3K27ac	1	0.000000	0.000324	0.000324	0.000000	0.000324
319743	chr8	120677000	120678000	chr8:120677000-120678000	133	CTCF_overlapping_H3K27ac	1	1.000000	0.998818	0.001182	1.000000	0.998818
319743	chr8	120677000	120678000	chr8:120677000-120678000	134	Gata4_overlapping_H3K27ac	0	1.000000	0.585712	0.414288	1.000000	0.585712
319743	chr8	120677000	120678000	chr8:120677000-120678000	135	Gata6_overlapping_H3K27ac	0	0.000000	0.366321	0.366321	0.000000	0.366321
319743	chr8	120677000	120678000	chr8:120677000-120678000	136	H3K27me3_overlapping_H3K27ac	1	1.000000	0.999758	0.000242	1.000000	0.999758
319743	chr8	120677000	120678000	chr8:120677000-120678000	137	H3K4me1_overlapping_H3K27ac	0	1.000000	0.728863	0.271137	1.000000	0.728863
319743	chr8	120677000	120678000	chr8:120677000-120678000	138	H3K4me3_overlapping_H3K27ac	0	1.000000	0.845548	0.154452	1.000000	0.845548
319743	chr8	120677000	120678000	chr8:120677000-120678000	139	Hand2_overlapping_H3K27ac	1	1.000000	0.993950	0.006050	1.000000	0.993950
319743	chr8	120677000	120678000	chr8:120677000-120678000	140	Isl1_overlapping_H3K27ac	0	0.000000	0.354031	0.354031	0.000000	0.354031
319743	chr8	120677000	120678000	chr8:120677000-120678000	141	Nkx2_5_overlapping_H3K27ac	0	0.000000	0.431817	0.431817	0.000000	0.431817
319743	chr8	120677000	120678000	chr8:120677000-120678000	142	Tbx5_overlapping_H3K27ac	1	0.000000	-0.001019	0.001019	0.000000	-0.001019
319743	chr8	120677000	120678000	chr8:120677000-120678000	143	Rloop_overlapping_H3K27ac	0	0.000000	0.295998	0.295998	0.000000	0.295998
319743	chr8	120677000	120678000	chr8:120677000-120678000	144	H3K27me3_peak	0	0.635956	0.834686	0.198731	2475.180070	28463.846853
319743	chr8	120677000	120678000	chr8:120677000-120678000	145	H3K27me3_self_ratio	1	0.070000	0.037323	0.032677	0.070000	0.037323
319743	chr8	120677000	120678000	chr8:120677000-120678000	146	H3K27me3_bin_ratio	1	1.000000	0.998827	0.001173	1.000000	0.998827
319743	chr8	120677000	120678000	chr8:120677000-120678000	147	G4_overlapping_H3K27me3	1	0.000000	-0.000551	0.000551	0.000000	-0.000551
319743	chr8	120677000	120678000	chr8:120677000-120678000	148	ATAC_overlapping_H3K27me3	0	1.000000	0.687983	0.312017	1.000000	0.687983
319743	chr8	120677000	120678000	chr8:120677000-120678000	149	NFR_overlapping_H3K27me3	0	0.000000	0.223002	0.223002	0.000000	0.223002
319743	chr8	120677000	120678000	chr8:120677000-120678000	150	Nucleosome_overlapping_H3K27me3	0	0.000000	0.460936	0.460936	0.000000	0.460936
319743	chr8	120677000	120678000	chr8:120677000-120678000	151	CTCF_overlapping_H3K27me3	0	1.000000	0.681971	0.318029	1.000000	0.681971
319743	chr8	120677000	120678000	chr8:120677000-120678000	152	Gata4_overlapping_H3K27me3	0	1.000000	0.672514	0.327486	1.000000	0.672514
319743	chr8	120677000	120678000	chr8:120677000-120678000	153	Gata6_overlapping_H3K27me3	0	0.000000	0.384307	0.384307	0.000000	0.384307
319743	chr8	120677000	120678000	chr8:120677000-120678000	154	H3K27ac_overlapping_H3K27me3	1	1.000000	1.007413	0.007413	1.000000	1.007413
319743	chr8	120677000	120678000	chr8:120677000-120678000	155	H3K4me1_overlapping_H3K27me3	1	1.000000	1.006321	0.006321	1.000000	1.006321
319743	chr8	120677000	120678000	chr8:120677000-120678000	156	H3K4me3_overlapping_H3K27me3	0	1.000000	0.712474	0.287526	1.000000	0.712474
319743	chr8	120677000	120678000	chr8:120677000-120678000	157	Hand2_overlapping_H3K27me3	0	1.000000	0.589993	0.410007	1.000000	0.589993
319743	chr8	120677000	120678000	chr8:120677000-120678000	158	Isl1_overlapping_H3K27me3	0	0.000000	0.333164	0.333164	0.000000	0.333164
319743	chr8	120677000	120678000	chr8:120677000-120678000	159	Nkx2_5_overlapping_H3K27me3	1	0.000000	0.000017	0.000017	0.000000	0.000017
319743	chr8	120677000	120678000	chr8:120677000-120678000	160	Tbx5_overlapping_H3K27me3	0	0.000000	0.694814	0.694814	0.000000	0.694814
319743	chr8	120677000	120678000	chr8:120677000-120678000	161	Rloop_overlapping_H3K27me3	1	0.000000	-0.000679	0.000679	0.000000	-0.000679
319743	chr8	120677000	120678000	chr8:120677000-120678000	162	H3K4me1_peak	0	0.719232	0.749697	0.030466	1531.660256	2090.110614
319743	chr8	120677000	120678000	chr8:120677000-120678000	163	H3K4me1_self_ratio	0	0.060000	0.385068	0.325068	0.060000	0.385068
319743	chr8	120677000	120678000	chr8:120677000-120678000	164	H3K4me1_bin_ratio	1	1.000000	0.999242	0.000758	1.000000	0.999242
319743	chr8	120677000	120678000	chr8:120677000-120678000	165	G4_overlapping_H3K4me1	1	0.000000	0.001315	0.001315	0.000000	0.001315
319743	chr8	120677000	120678000	chr8:120677000-120678000	166	ATAC_overlapping_H3K4me1	1	1.000000	0.996071	0.003929	1.000000	0.996071
319743	chr8	120677000	120678000	chr8:120677000-120678000	167	NFR_overlapping_H3K4me1	0	0.000000	0.410836	0.410836	0.000000	0.410836
319743	chr8	120677000	120678000	chr8:120677000-120678000	168	Nucleosome_overlapping_H3K4me1	0	0.000000	0.482008	0.482008	0.000000	0.482008
319743	chr8	120677000	120678000	chr8:120677000-120678000	169	CTCF_overlapping_H3K4me1	0	1.000000	0.645085	0.354915	1.000000	0.645085
319743	chr8	120677000	120678000	chr8:120677000-120678000	170	Gata4_overlapping_H3K4me1	1	1.000000	1.002145	0.002145	1.000000	1.002145
319743	chr8	120677000	120678000	chr8:120677000-120678000	171	Gata6_overlapping_H3K4me1	1	0.000000	0.000918	0.000918	0.000000	0.000918
319743	chr8	120677000	120678000	chr8:120677000-120678000	172	H3K27ac_overlapping_H3K4me1	1	1.000000	0.995144	0.004856	1.000000	0.995144
319743	chr8	120677000	120678000	chr8:120677000-120678000	173	H3K27me3_overlapping_H3K4me1	1	1.000000	0.996368	0.003632	1.000000	0.996368
319743	chr8	120677000	120678000	chr8:120677000-120678000	174	H3K4me3_overlapping_H3K4me1	1	1.000000	1.009045	0.009045	1.000000	1.009045
319743	chr8	120677000	120678000	chr8:120677000-120678000	175	Hand2_overlapping_H3K4me1	0	1.000000	0.731702	0.268298	1.000000	0.731702
319743	chr8	120677000	120678000	chr8:120677000-120678000	176	Isl1_overlapping_H3K4me1	1	0.000000	-0.000351	0.000351	0.000000	-0.000351
319743	chr8	120677000	120678000	chr8:120677000-120678000	177	Nkx2_5_overlapping_H3K4me1	0	0.000000	0.182106	0.182106	0.000000	0.182106
319743	chr8	120677000	120678000	chr8:120677000-120678000	178	Tbx5_overlapping_H3K4me1	1	0.000000	-0.000824	0.000824	0.000000	-0.000824
319743	chr8	120677000	120678000	chr8:120677000-120678000	179	Rloop_overlapping_H3K4me1	0	0.000000	0.239087	0.239087	0.000000	0.239087
319743	chr8	120677000	120678000	chr8:120677000-120678000	180	H3K4me3_peak	1	0.950168	0.830404	0.119764	11643.026288	3576.595277
319743	chr8	120677000	120678000	chr8:120677000-120678000	181	H3K4me3_self_ratio	1	0.010000	0.036428	0.026428	0.010000	0.036428
319743	chr8	120677000	120678000	chr8:120677000-120678000	182	H3K4me3_bin_ratio	0	1.000000	0.635991	0.364009	1.000000	0.635991
319743	chr8	120677000	120678000	chr8:120677000-120678000	183	G4_overlapping_H3K4me3	0	0.000000	0.206119	0.206119	0.000000	0.206119
319743	chr8	120677000	120678000	chr8:120677000-120678000	184	ATAC_overlapping_H3K4me3	1	1.000000	1.001733	0.001733	1.000000	1.001733
319743	chr8	120677000	120678000	chr8:120677000-120678000	185	NFR_overlapping_H3K4me3	1	0.000000	0.000387	0.000387	0.000000	0.000387
319743	chr8	120677000	120678000	chr8:120677000-120678000	186	Nucleosome_overlapping_H3K4me3	0	0.000000	0.498323	0.498323	0.000000	0.498323
319743	chr8	120677000	120678000	chr8:120677000-120678000	187	CTCF_overlapping_H3K4me3	0	1.000000	0.789319	0.210681	1.000000	0.789319
319743	chr8	120677000	120678000	chr8:120677000-120678000	188	Gata4_overlapping_H3K4me3	1	1.000000	1.004951	0.004951	1.000000	1.004951
319743	chr8	120677000	120678000	chr8:120677000-120678000	189	Gata6_overlapping_H3K4me3	0	0.000000	0.536230	0.536230	0.000000	0.536230
319743	chr8	120677000	120678000	chr8:120677000-120678000	190	H3K27ac_overlapping_H3K4me3	1	1.000000	1.002165	0.002165	1.000000	1.002165
319743	chr8	120677000	120678000	chr8:120677000-120678000	191	H3K27me3_overlapping_H3K4me3	1	1.000000	0.998549	0.001451	1.000000	0.998549
319743	chr8	120677000	120678000	chr8:120677000-120678000	192	H3K4me1_overlapping_H3K4me3	1	1.000000	1.002464	0.002464	1.000000	1.002464
319743	chr8	120677000	120678000	chr8:120677000-120678000	193	Hand2_overlapping_H3K4me3	0	1.000000	0.614557	0.385443	1.000000	0.614557
319743	chr8	120677000	120678000	chr8:120677000-120678000	194	Isl1_overlapping_H3K4me3	0	0.000000	0.269874	0.269874	0.000000	0.269874
319743	chr8	120677000	120678000	chr8:120677000-120678000	195	Nkx2_5_overlapping_H3K4me3	0	0.000000	0.237728	0.237728	0.000000	0.237728
319743	chr8	120677000	120678000	chr8:120677000-120678000	196	Tbx5_overlapping_H3K4me3	1	0.000000	0.000416	0.000416	0.000000	0.000416
319743	chr8	120677000	120678000	chr8:120677000-120678000	197	Rloop_overlapping_H3K4me3	0	0.000000	0.470893	0.470893	0.000000	0.470893
319743	chr8	120677000	120678000	chr8:120677000-120678000	198	Hand2_peak	0	1.000000	0.609509	0.390491	29821.362233	532.671986
319743	chr8	120677000	120678000	chr8:120677000-120678000	199	Hand2_self_ratio	1	0.000000	0.018455	0.018455	0.000000	0.018455
319743	chr8	120677000	120678000	chr8:120677000-120678000	200	Hand2_bin_ratio	0	1.000000	0.663539	0.336461	1.000000	0.663539
319743	chr8	120677000	120678000	chr8:120677000-120678000	201	G4_overlapping_Hand2	0	0.000000	0.596996	0.596996	0.000000	0.596996
319743	chr8	120677000	120678000	chr8:120677000-120678000	202	ATAC_overlapping_Hand2	0	1.000000	0.691414	0.308586	1.000000	0.691414
319743	chr8	120677000	120678000	chr8:120677000-120678000	203	NFR_overlapping_Hand2	0	0.000000	0.210225	0.210225	0.000000	0.210225
319743	chr8	120677000	120678000	chr8:120677000-120678000	204	Nucleosome_overlapping_Hand2	0	0.000000	0.491469	0.491469	0.000000	0.491469
319743	chr8	120677000	120678000	chr8:120677000-120678000	205	CTCF_overlapping_Hand2	0	1.000000	0.605478	0.394522	1.000000	0.605478
319743	chr8	120677000	120678000	chr8:120677000-120678000	206	Gata4_overlapping_Hand2	1	1.000000	0.994331	0.005669	1.000000	0.994331
319743	chr8	120677000	120678000	chr8:120677000-120678000	207	Gata6_overlapping_Hand2	0	0.000000	0.432763	0.432763	0.000000	0.432763
319743	chr8	120677000	120678000	chr8:120677000-120678000	208	H3K27ac_overlapping_Hand2	1	1.000000	1.003011	0.003011	1.000000	1.003011
319743	chr8	120677000	120678000	chr8:120677000-120678000	209	H3K27me3_overlapping_Hand2	0	1.000000	0.624966	0.375034	1.000000	0.624966
319743	chr8	120677000	120678000	chr8:120677000-120678000	210	H3K4me1_overlapping_Hand2	0	1.000000	0.747271	0.252729	1.000000	0.747271
319743	chr8	120677000	120678000	chr8:120677000-120678000	211	H3K4me3_overlapping_Hand2	1	1.000000	1.002215	0.002215	1.000000	1.002215
319743	chr8	120677000	120678000	chr8:120677000-120678000	212	Isl1_overlapping_Hand2	1	0.000000	0.000173	0.000173	0.000000	0.000173
319743	chr8	120677000	120678000	chr8:120677000-120678000	213	Nkx2_5_overlapping_Hand2	1	0.000000	0.000078	0.000078	0.000000	0.000078
319743	chr8	120677000	120678000	chr8:120677000-120678000	214	Tbx5_overlapping_Hand2	0	0.000000	0.582901	0.582901	0.000000	0.582901
319743	chr8	120677000	120678000	chr8:120677000-120678000	215	Rloop_overlapping_Hand2	1	0.000000	0.000056	0.000056	0.000000	0.000056
319743	chr8	120677000	120678000	chr8:120677000-120678000	216	Isl1_peak	0	0.000000	0.267503	0.267503	0.000000	4.952259
319743	chr8	120677000	120678000	chr8:120677000-120678000	217	Isl1_self_ratio	1	0.000000	0.000186	0.000186	0.000000	0.000186
319743	chr8	120677000	120678000	chr8:120677000-120678000	218	Isl1_bin_ratio	0	0.000000	0.463995	0.463995	0.000000	0.463995
319743	chr8	120677000	120678000	chr8:120677000-120678000	219	G4_overlapping_Isl1	0	0.000000	0.114320	0.114320	0.000000	0.114320
319743	chr8	120677000	120678000	chr8:120677000-120678000	220	ATAC_overlapping_Isl1	0	0.000000	0.421654	0.421654	0.000000	0.421654
319743	chr8	120677000	120678000	chr8:120677000-120678000	221	NFR_overlapping_Isl1	1	0.000000	0.001242	0.001242	0.000000	0.001242
319743	chr8	120677000	120678000	chr8:120677000-120678000	222	Nucleosome_overlapping_Isl1	1	0.000000	0.000402	0.000402	0.000000	0.000402
319743	chr8	120677000	120678000	chr8:120677000-120678000	223	CTCF_overlapping_Isl1	0	0.000000	0.316405	0.316405	0.000000	0.316405
319743	chr8	120677000	120678000	chr8:120677000-120678000	224	Gata4_overlapping_Isl1	0	0.000000	0.305850	0.305850	0.000000	0.305850
319743	chr8	120677000	120678000	chr8:120677000-120678000	225	Gata6_overlapping_Isl1	0	0.000000	0.310989	0.310989	0.000000	0.310989
319743	chr8	120677000	120678000	chr8:120677000-120678000	226	H3K27ac_overlapping_Isl1	0	0.000000	0.427097	0.427097	0.000000	0.427097
319743	chr8	120677000	120678000	chr8:120677000-120678000	227	H3K27me3_overlapping_Isl1	1	0.000000	0.000144	0.000144	0.000000	0.000144
319743	chr8	120677000	120678000	chr8:120677000-120678000	228	H3K4me1_overlapping_Isl1	0	0.000000	0.306235	0.306235	0.000000	0.306235
319743	chr8	120677000	120678000	chr8:120677000-120678000	229	H3K4me3_overlapping_Isl1	1	0.000000	0.001334	0.001334	0.000000	0.001334
319743	chr8	120677000	120678000	chr8:120677000-120678000	230	Hand2_overlapping_Isl1	0	0.000000	0.298817	0.298817	0.000000	0.298817
319743	chr8	120677000	120678000	chr8:120677000-120678000	231	Nkx2_5_overlapping_Isl1	1	0.000000	0.000184	0.000184	0.000000	0.000184
319743	chr8	120677000	120678000	chr8:120677000-120678000	232	Tbx5_overlapping_Isl1	0	0.000000	0.275225	0.275225	0.000000	0.275225
319743	chr8	120677000	120678000	chr8:120677000-120678000	233	Rloop_overlapping_Isl1	1	0.000000	0.000902	0.000902	0.000000	0.000902
319743	chr8	120677000	120678000	chr8:120677000-120678000	234	Nkx2_5_peak	1	0.000000	0.002133	0.002133	0.000000	0.017854
319743	chr8	120677000	120678000	chr8:120677000-120678000	235	Nkx2_5_self_ratio	0	0.000000	0.337447	0.337447	0.000000	0.337447
319743	chr8	120677000	120678000	chr8:120677000-120678000	236	Nkx2_5_bin_ratio	0	0.000000	0.282615	0.282615	0.000000	0.282615
319743	chr8	120677000	120678000	chr8:120677000-120678000	237	G4_overlapping_Nkx2_5	0	0.000000	0.213598	0.213598	0.000000	0.213598
319743	chr8	120677000	120678000	chr8:120677000-120678000	238	ATAC_overlapping_Nkx2_5	1	0.000000	0.000222	0.000222	0.000000	0.000222
319743	chr8	120677000	120678000	chr8:120677000-120678000	239	NFR_overlapping_Nkx2_5	1	0.000000	0.000146	0.000146	0.000000	0.000146
319743	chr8	120677000	120678000	chr8:120677000-120678000	240	Nucleosome_overlapping_Nkx2_5	0	0.000000	0.201645	0.201645	0.000000	0.201645
319743	chr8	120677000	120678000	chr8:120677000-120678000	241	CTCF_overlapping_Nkx2_5	1	0.000000	0.000700	0.000700	0.000000	0.000700
319743	chr8	120677000	120678000	chr8:120677000-120678000	242	Gata4_overlapping_Nkx2_5	0	0.000000	0.352970	0.352970	0.000000	0.352970
319743	chr8	120677000	120678000	chr8:120677000-120678000	243	Gata6_overlapping_Nkx2_5	0	0.000000	0.104617	0.104617	0.000000	0.104617
319743	chr8	120677000	120678000	chr8:120677000-120678000	244	H3K27ac_overlapping_Nkx2_5	1	0.000000	-0.000012	0.000012	0.000000	-0.000012
319743	chr8	120677000	120678000	chr8:120677000-120678000	245	H3K27me3_overlapping_Nkx2_5	0	0.000000	0.312695	0.312695	0.000000	0.312695
319743	chr8	120677000	120678000	chr8:120677000-120678000	246	H3K4me1_overlapping_Nkx2_5	1	0.000000	0.001323	0.001323	0.000000	0.001323
319743	chr8	120677000	120678000	chr8:120677000-120678000	247	H3K4me3_overlapping_Nkx2_5	1	0.000000	-0.001467	0.001467	0.000000	-0.001467
319743	chr8	120677000	120678000	chr8:120677000-120678000	248	Hand2_overlapping_Nkx2_5	0	0.000000	0.110851	0.110851	0.000000	0.110851
319743	chr8	120677000	120678000	chr8:120677000-120678000	249	Isl1_overlapping_Nkx2_5	0	0.000000	0.211024	0.211024	0.000000	0.211024
319743	chr8	120677000	120678000	chr8:120677000-120678000	250	Tbx5_overlapping_Nkx2_5	0	0.000000	0.279266	0.279266	0.000000	0.279266
319743	chr8	120677000	120678000	chr8:120677000-120678000	251	Rloop_overlapping_Nkx2_5	0	0.000000	0.216823	0.216823	0.000000	0.216823
319743	chr8	120677000	120678000	chr8:120677000-120678000	252	Tbx5_peak	0	0.000000	0.505945	0.505945	0.000000	46.357950
319743	chr8	120677000	120678000	chr8:120677000-120678000	253	Tbx5_self_ratio	1	0.000000	-0.000518	0.000518	0.000000	-0.000518
319743	chr8	120677000	120678000	chr8:120677000-120678000	254	Tbx5_bin_ratio	1	0.000000	0.000148	0.000148	0.000000	0.000148
319743	chr8	120677000	120678000	chr8:120677000-120678000	255	G4_overlapping_Tbx5	0	0.000000	0.330199	0.330199	0.000000	0.330199
319743	chr8	120677000	120678000	chr8:120677000-120678000	256	ATAC_overlapping_Tbx5	0	0.000000	0.786216	0.786216	0.000000	0.786216
319743	chr8	120677000	120678000	chr8:120677000-120678000	257	NFR_overlapping_Tbx5	1	0.000000	-0.000193	0.000193	0.000000	-0.000193
319743	chr8	120677000	120678000	chr8:120677000-120678000	258	Nucleosome_overlapping_Tbx5	0	0.000000	0.391452	0.391452	0.000000	0.391452
319743	chr8	120677000	120678000	chr8:120677000-120678000	259	CTCF_overlapping_Tbx5	1	0.000000	0.000863	0.000863	0.000000	0.000863
319743	chr8	120677000	120678000	chr8:120677000-120678000	260	Gata4_overlapping_Tbx5	1	0.000000	0.003173	0.003173	0.000000	0.003173
319743	chr8	120677000	120678000	chr8:120677000-120678000	261	Gata6_overlapping_Tbx5	0	0.000000	0.241617	0.241617	0.000000	0.241617
319743	chr8	120677000	120678000	chr8:120677000-120678000	262	H3K27ac_overlapping_Tbx5	1	0.000000	-0.001368	0.001368	0.000000	-0.001368
319743	chr8	120677000	120678000	chr8:120677000-120678000	263	H3K27me3_overlapping_Tbx5	0	0.000000	0.422579	0.422579	0.000000	0.422579
319743	chr8	120677000	120678000	chr8:120677000-120678000	264	H3K4me1_overlapping_Tbx5	1	0.000000	-0.001104	0.001104	0.000000	-0.001104
319743	chr8	120677000	120678000	chr8:120677000-120678000	265	H3K4me3_overlapping_Tbx5	1	0.000000	0.000399	0.000399	0.000000	0.000399
319743	chr8	120677000	120678000	chr8:120677000-120678000	266	Hand2_overlapping_Tbx5	1	0.000000	-0.002102	0.002102	0.000000	-0.002102
319743	chr8	120677000	120678000	chr8:120677000-120678000	267	Isl1_overlapping_Tbx5	0	0.000000	0.206140	0.206140	0.000000	0.206140
319743	chr8	120677000	120678000	chr8:120677000-120678000	268	Nkx2_5_overlapping_Tbx5	0	0.000000	0.214550	0.214550	0.000000	0.214550
319743	chr8	120677000	120678000	chr8:120677000-120678000	269	Rloop_overlapping_Tbx5	1	0.000000	0.001623	0.001623	0.000000	0.001623
319743	chr8	120677000	120678000	chr8:120677000-120678000	270	Rloop_peak	0	0.000000	0.420528	0.420528	0.000000	7.755434
319743	chr8	120677000	120678000	chr8:120677000-120678000	271	Rloop_self_ratio	0	0.000000	0.525713	0.525713	0.000000	0.525713
319743	chr8	120677000	120678000	chr8:120677000-120678000	272	Rloop_bin_ratio	1	0.000000	0.003695	0.003695	0.000000	0.003695
319743	chr8	120677000	120678000	chr8:120677000-120678000	273	G4_overlapping_Rloop	1	0.000000	-0.000583	0.000583	0.000000	-0.000583
319743	chr8	120677000	120678000	chr8:120677000-120678000	274	ATAC_overlapping_Rloop	1	0.000000	-0.000580	0.000580	0.000000	-0.000580
319743	chr8	120677000	120678000	chr8:120677000-120678000	275	NFR_overlapping_Rloop	0	0.000000	0.346196	0.346196	0.000000	0.346196
319743	chr8	120677000	120678000	chr8:120677000-120678000	276	Nucleosome_overlapping_Rloop	1	0.000000	0.001324	0.001324	0.000000	0.001324
319743	chr8	120677000	120678000	chr8:120677000-120678000	277	CTCF_overlapping_Rloop	0	0.000000	0.325398	0.325398	0.000000	0.325398
319743	chr8	120677000	120678000	chr8:120677000-120678000	278	Gata4_overlapping_Rloop	0	0.000000	0.328933	0.328933	0.000000	0.328933
319743	chr8	120677000	120678000	chr8:120677000-120678000	279	Gata6_overlapping_Rloop	1	0.000000	0.000528	0.000528	0.000000	0.000528
319743	chr8	120677000	120678000	chr8:120677000-120678000	280	H3K27ac_overlapping_Rloop	0	0.000000	0.560326	0.560326	0.000000	0.560326
319743	chr8	120677000	120678000	chr8:120677000-120678000	281	H3K27me3_overlapping_Rloop	1	0.000000	-0.001116	0.001116	0.000000	-0.001116
319743	chr8	120677000	120678000	chr8:120677000-120678000	282	H3K4me1_overlapping_Rloop	0	0.000000	0.248120	0.248120	0.000000	0.248120
319743	chr8	120677000	120678000	chr8:120677000-120678000	283	H3K4me3_overlapping_Rloop	1	0.000000	0.000264	0.000264	0.000000	0.000264
319743	chr8	120677000	120678000	chr8:120677000-120678000	284	Hand2_overlapping_Rloop	1	0.000000	-0.000136	0.000136	0.000000	-0.000136
319743	chr8	120677000	120678000	chr8:120677000-120678000	285	Isl1_overlapping_Rloop	0	0.000000	0.324179	0.324179	0.000000	0.324179
319743	chr8	120677000	120678000	chr8:120677000-120678000	286	Nkx2_5_overlapping_Rloop	0	0.000000	0.186156	0.186156	0.000000	0.186156
319743	chr8	120677000	120678000	chr8:120677000-120678000	287	Tbx5_overlapping_Rloop	0	0.000000	0.326099	0.326099	0.000000	0.326099
398453	chr11	43676000	43677000	chr11:43676000-43677000	0	G4_peak	0	0.000000	0.308330	0.308330	0.000000	4.060954
398453	chr11	43676000	43677000	chr11:43676000-43677000	1	G4_self_ratio	0	0.000000	0.573201	0.573201	0.000000	0.573201
398453	chr11	43676000	43677000	chr11:43676000-43677000	2	G4_bin_ratio	1	0.000000	0.000016	0.000016	0.000000	0.000016
398453	chr11	43676000	43677000	chr11:43676000-43677000	3	ATAC_overlapping_G4	0	0.000000	0.590678	0.590678	0.000000	0.590678
398453	chr11	43676000	43677000	chr11:43676000-43677000	4	NFR_overlapping_G4	0	0.000000	0.316735	0.316735	0.000000	0.316735
398453	chr11	43676000	43677000	chr11:43676000-43677000	5	Nucleosome_overlapping_G4	0	0.000000	0.308000	0.308000	0.000000	0.308000
398453	chr11	43676000	43677000	chr11:43676000-43677000	6	CTCF_overlapping_G4	0	0.000000	0.453579	0.453579	0.000000	0.453579
398453	chr11	43676000	43677000	chr11:43676000-43677000	7	Gata4_overlapping_G4	0	0.000000	0.332947	0.332947	0.000000	0.332947
398453	chr11	43676000	43677000	chr11:43676000-43677000	8	Gata6_overlapping_G4	0	0.000000	0.347078	0.347078	0.000000	0.347078
398453	chr11	43676000	43677000	chr11:43676000-43677000	9	H3K27ac_overlapping_G4	0	0.000000	0.386538	0.386538	0.000000	0.386538
398453	chr11	43676000	43677000	chr11:43676000-43677000	10	H3K27me3_overlapping_G4	0	0.000000	0.507361	0.507361	0.000000	0.507361
398453	chr11	43676000	43677000	chr11:43676000-43677000	11	H3K4me1_overlapping_G4	0	0.000000	0.382040	0.382040	0.000000	0.382040
398453	chr11	43676000	43677000	chr11:43676000-43677000	12	H3K4me3_overlapping_G4	1	0.000000	0.000756	0.000756	0.000000	0.000756
398453	chr11	43676000	43677000	chr11:43676000-43677000	13	Hand2_overlapping_G4	1	0.000000	-0.000221	0.000221	0.000000	-0.000221
398453	chr11	43676000	43677000	chr11:43676000-43677000	14	Isl1_overlapping_G4	0	0.000000	0.316816	0.316816	0.000000	0.316816
398453	chr11	43676000	43677000	chr11:43676000-43677000	15	Nkx2_5_overlapping_G4	0	0.000000	0.480731	0.480731	0.000000	0.480731
398453	chr11	43676000	43677000	chr11:43676000-43677000	16	Tbx5_overlapping_G4	0	0.000000	0.338116	0.338116	0.000000	0.338116
398453	chr11	43676000	43677000	chr11:43676000-43677000	17	Rloop_overlapping_G4	0	0.000000	0.591238	0.591238	0.000000	0.591238
398453	chr11	43676000	43677000	chr11:43676000-43677000	18	ATAC_peak	0	0.000000	0.213654	0.213654	0.000000	4.270031
398453	chr11	43676000	43677000	chr11:43676000-43677000	19	ATAC_self_ratio	1	0.000000	-0.000561	0.000561	0.000000	-0.000561
398453	chr11	43676000	43677000	chr11:43676000-43677000	20	ATAC_bin_ratio	0	0.000000	0.281708	0.281708	0.000000	0.281708
398453	chr11	43676000	43677000	chr11:43676000-43677000	21	G4_overlapping_ATAC	1	0.000000	-0.000176	0.000176	0.000000	-0.000176
398453	chr11	43676000	43677000	chr11:43676000-43677000	22	NFR_overlapping_ATAC	0	0.000000	0.376273	0.376273	0.000000	0.376273
398453	chr11	43676000	43677000	chr11:43676000-43677000	23	Nucleosome_overlapping_ATAC	0	0.000000	0.303682	0.303682	0.000000	0.303682
398453	chr11	43676000	43677000	chr11:43676000-43677000	24	CTCF_overlapping_ATAC	1	0.000000	-0.000158	0.000158	0.000000	-0.000158
398453	chr11	43676000	43677000	chr11:43676000-43677000	25	Gata4_overlapping_ATAC	0	0.000000	0.397809	0.397809	0.000000	0.397809
398453	chr11	43676000	43677000	chr11:43676000-43677000	26	Gata6_overlapping_ATAC	0	0.000000	0.360957	0.360957	0.000000	0.360957
398453	chr11	43676000	43677000	chr11:43676000-43677000	27	H3K27ac_overlapping_ATAC	0	0.000000	0.236422	0.236422	0.000000	0.236422
398453	chr11	43676000	43677000	chr11:43676000-43677000	28	H3K27me3_overlapping_ATAC	0	0.000000	0.341536	0.341536	0.000000	0.341536
398453	chr11	43676000	43677000	chr11:43676000-43677000	29	H3K4me1_overlapping_ATAC	0	0.000000	0.299336	0.299336	0.000000	0.299336
398453	chr11	43676000	43677000	chr11:43676000-43677000	30	H3K4me3_overlapping_ATAC	0	0.000000	0.396607	0.396607	0.000000	0.396607
398453	chr11	43676000	43677000	chr11:43676000-43677000	31	Hand2_overlapping_ATAC	1	0.000000	0.000268	0.000268	0.000000	0.000268
398453	chr11	43676000	43677000	chr11:43676000-43677000	32	Isl1_overlapping_ATAC	1	0.000000	0.000026	0.000026	0.000000	0.000026
398453	chr11	43676000	43677000	chr11:43676000-43677000	33	Nkx2_5_overlapping_ATAC	0	0.000000	0.378279	0.378279	0.000000	0.378279
398453	chr11	43676000	43677000	chr11:43676000-43677000	34	Tbx5_overlapping_ATAC	0	0.000000	0.441452	0.441452	0.000000	0.441452
398453	chr11	43676000	43677000	chr11:43676000-43677000	35	Rloop_overlapping_ATAC	0	0.000000	0.668587	0.668587	0.000000	0.668587
398453	chr11	43676000	43677000	chr11:43676000-43677000	36	NFR_peak	1	0.000000	0.000151	0.000151	0.000000	0.001091
398453	chr11	43676000	43677000	chr11:43676000-43677000	37	NFR_self_ratio	0	0.000000	0.601061	0.601061	0.000000	0.601061
398453	chr11	43676000	43677000	chr11:43676000-43677000	38	NFR_bin_ratio	0	0.000000	0.522751	0.522751	0.000000	0.522751
398453	chr11	43676000	43677000	chr11:43676000-43677000	39	G4_overlapping_NFR	1	0.000000	0.000214	0.000214	0.000000	0.000214
398453	chr11	43676000	43677000	chr11:43676000-43677000	40	ATAC_overlapping_NFR	0	0.000000	0.393877	0.393877	0.000000	0.393877
398453	chr11	43676000	43677000	chr11:43676000-43677000	41	Nucleosome_overlapping_NFR	1	0.000000	-0.000564	0.000564	0.000000	-0.000564
398453	chr11	43676000	43677000	chr11:43676000-43677000	42	CTCF_overlapping_NFR	1	0.000000	-0.000138	0.000138	0.000000	-0.000138
398453	chr11	43676000	43677000	chr11:43676000-43677000	43	Gata4_overlapping_NFR	0	0.000000	0.251716	0.251716	0.000000	0.251716
398453	chr11	43676000	43677000	chr11:43676000-43677000	44	Gata6_overlapping_NFR	1	0.000000	-0.000082	0.000082	0.000000	-0.000082
398453	chr11	43676000	43677000	chr11:43676000-43677000	45	H3K27ac_overlapping_NFR	0	0.000000	0.369596	0.369596	0.000000	0.369596
398453	chr11	43676000	43677000	chr11:43676000-43677000	46	H3K27me3_overlapping_NFR	0	0.000000	0.389794	0.389794	0.000000	0.389794
398453	chr11	43676000	43677000	chr11:43676000-43677000	47	H3K4me1_overlapping_NFR	0	0.000000	0.398960	0.398960	0.000000	0.398960
398453	chr11	43676000	43677000	chr11:43676000-43677000	48	H3K4me3_overlapping_NFR	0	0.000000	0.386751	0.386751	0.000000	0.386751
398453	chr11	43676000	43677000	chr11:43676000-43677000	49	Hand2_overlapping_NFR	1	0.000000	0.000780	0.000780	0.000000	0.000780
398453	chr11	43676000	43677000	chr11:43676000-43677000	50	Isl1_overlapping_NFR	1	0.000000	-0.000382	0.000382	0.000000	-0.000382
398453	chr11	43676000	43677000	chr11:43676000-43677000	51	Nkx2_5_overlapping_NFR	1	0.000000	-0.000217	0.000217	0.000000	-0.000217
398453	chr11	43676000	43677000	chr11:43676000-43677000	52	Tbx5_overlapping_NFR	0	0.000000	0.335416	0.335416	0.000000	0.335416
398453	chr11	43676000	43677000	chr11:43676000-43677000	53	Rloop_overlapping_NFR	1	0.000000	-0.000493	0.000493	0.000000	-0.000493
398453	chr11	43676000	43677000	chr11:43676000-43677000	54	Nucleosome_peak	0	0.000000	0.381591	0.381591	0.000000	16.034413
398453	chr11	43676000	43677000	chr11:43676000-43677000	55	Nucleosome_self_ratio	1	0.000000	0.010779	0.010779	0.000000	0.010779
398453	chr11	43676000	43677000	chr11:43676000-43677000	56	Nucleosome_bin_ratio	0	0.000000	0.500943	0.500943	0.000000	0.500943
398453	chr11	43676000	43677000	chr11:43676000-43677000	57	G4_overlapping_Nucleosome	0	0.000000	0.282677	0.282677	0.000000	0.282677
398453	chr11	43676000	43677000	chr11:43676000-43677000	58	ATAC_overlapping_Nucleosome	0	0.000000	0.296191	0.296191	0.000000	0.296191
398453	chr11	43676000	43677000	chr11:43676000-43677000	59	NFR_overlapping_Nucleosome	0	0.000000	0.440094	0.440094	0.000000	0.440094
398453	chr11	43676000	43677000	chr11:43676000-43677000	60	CTCF_overlapping_Nucleosome	0	0.000000	0.623906	0.623906	0.000000	0.623906
398453	chr11	43676000	43677000	chr11:43676000-43677000	61	Gata4_overlapping_Nucleosome	0	0.000000	0.460911	0.460911	0.000000	0.460911
398453	chr11	43676000	43677000	chr11:43676000-43677000	62	Gata6_overlapping_Nucleosome	0	0.000000	0.354911	0.354911	0.000000	0.354911
398453	chr11	43676000	43677000	chr11:43676000-43677000	63	H3K27ac_overlapping_Nucleosome	0	0.000000	0.541535	0.541535	0.000000	0.541535
398453	chr11	43676000	43677000	chr11:43676000-43677000	64	H3K27me3_overlapping_Nucleosome	0	0.000000	0.416770	0.416770	0.000000	0.416770
398453	chr11	43676000	43677000	chr11:43676000-43677000	65	H3K4me1_overlapping_Nucleosome	0	0.000000	0.484008	0.484008	0.000000	0.484008
398453	chr11	43676000	43677000	chr11:43676000-43677000	66	H3K4me3_overlapping_Nucleosome	1	0.000000	0.000024	0.000024	0.000000	0.000024
398453	chr11	43676000	43677000	chr11:43676000-43677000	67	Hand2_overlapping_Nucleosome	0	0.000000	0.496250	0.496250	0.000000	0.496250
398453	chr11	43676000	43677000	chr11:43676000-43677000	68	Isl1_overlapping_Nucleosome	0	0.000000	0.596180	0.596180	0.000000	0.596180
398453	chr11	43676000	43677000	chr11:43676000-43677000	69	Nkx2_5_overlapping_Nucleosome	0	0.000000	0.353463	0.353463	0.000000	0.353463
398453	chr11	43676000	43677000	chr11:43676000-43677000	70	Tbx5_overlapping_Nucleosome	0	0.000000	0.589981	0.589981	0.000000	0.589981
398453	chr11	43676000	43677000	chr11:43676000-43677000	71	Rloop_overlapping_Nucleosome	0	0.000000	0.282178	0.282178	0.000000	0.282178
398453	chr11	43676000	43677000	chr11:43676000-43677000	72	CTCF_peak	0	0.000000	0.467186	0.467186	0.000000	77.611332
398453	chr11	43676000	43677000	chr11:43676000-43677000	73	CTCF_self_ratio	1	0.000000	0.000737	0.000737	0.000000	0.000737
398453	chr11	43676000	43677000	chr11:43676000-43677000	74	CTCF_bin_ratio	0	0.000000	0.225886	0.225886	0.000000	0.225886
398453	chr11	43676000	43677000	chr11:43676000-43677000	75	G4_overlapping_CTCF	1	0.000000	0.000315	0.000315	0.000000	0.000315
398453	chr11	43676000	43677000	chr11:43676000-43677000	76	ATAC_overlapping_CTCF	0	0.000000	0.337896	0.337896	0.000000	0.337896
398453	chr11	43676000	43677000	chr11:43676000-43677000	77	NFR_overlapping_CTCF	0	0.000000	0.464054	0.464054	0.000000	0.464054
398453	chr11	43676000	43677000	chr11:43676000-43677000	78	Nucleosome_overlapping_CTCF	0	0.000000	0.548198	0.548198	0.000000	0.548198
398453	chr11	43676000	43677000	chr11:43676000-43677000	79	Gata4_overlapping_CTCF	1	0.000000	0.000309	0.000309	0.000000	0.000309
398453	chr11	43676000	43677000	chr11:43676000-43677000	80	Gata6_overlapping_CTCF	0	0.000000	0.677863	0.677863	0.000000	0.677863
398453	chr11	43676000	43677000	chr11:43676000-43677000	81	H3K27ac_overlapping_CTCF	0	0.000000	0.390897	0.390897	0.000000	0.390897
398453	chr11	43676000	43677000	chr11:43676000-43677000	82	H3K27me3_overlapping_CTCF	0	0.000000	0.439142	0.439142	0.000000	0.439142
398453	chr11	43676000	43677000	chr11:43676000-43677000	83	H3K4me1_overlapping_CTCF	1	0.000000	0.000989	0.000989	0.000000	0.000989
398453	chr11	43676000	43677000	chr11:43676000-43677000	84	H3K4me3_overlapping_CTCF	0	0.000000	0.507603	0.507603	0.000000	0.507603
398453	chr11	43676000	43677000	chr11:43676000-43677000	85	Hand2_overlapping_CTCF	0	0.000000	0.431700	0.431700	0.000000	0.431700
398453	chr11	43676000	43677000	chr11:43676000-43677000	86	Isl1_overlapping_CTCF	1	0.000000	0.000642	0.000642	0.000000	0.000642
398453	chr11	43676000	43677000	chr11:43676000-43677000	87	Nkx2_5_overlapping_CTCF	1	0.000000	-0.000061	0.000061	0.000000	-0.000061
398453	chr11	43676000	43677000	chr11:43676000-43677000	88	Tbx5_overlapping_CTCF	0	0.000000	0.564933	0.564933	0.000000	0.564933
398453	chr11	43676000	43677000	chr11:43676000-43677000	89	Rloop_overlapping_CTCF	0	0.000000	0.332960	0.332960	0.000000	0.332960
398453	chr11	43676000	43677000	chr11:43676000-43677000	90	Gata4_peak	0	0.000000	0.438389	0.438389	0.000000	97.732932
398453	chr11	43676000	43677000	chr11:43676000-43677000	91	Gata4_self_ratio	0	0.000000	0.345217	0.345217	0.000000	0.345217
398453	chr11	43676000	43677000	chr11:43676000-43677000	92	Gata4_bin_ratio	0	0.000000	0.458039	0.458039	0.000000	0.458039
398453	chr11	43676000	43677000	chr11:43676000-43677000	93	G4_overlapping_Gata4	0	0.000000	0.489197	0.489197	0.000000	0.489197
398453	chr11	43676000	43677000	chr11:43676000-43677000	94	ATAC_overlapping_Gata4	0	0.000000	0.457671	0.457671	0.000000	0.457671
398453	chr11	43676000	43677000	chr11:43676000-43677000	95	NFR_overlapping_Gata4	1	0.000000	0.000714	0.000714	0.000000	0.000714
398453	chr11	43676000	43677000	chr11:43676000-43677000	96	Nucleosome_overlapping_Gata4	0	0.000000	0.382834	0.382834	0.000000	0.382834
398453	chr11	43676000	43677000	chr11:43676000-43677000	97	CTCF_overlapping_Gata4	1	0.000000	-0.000175	0.000175	0.000000	-0.000175
398453	chr11	43676000	43677000	chr11:43676000-43677000	98	Gata6_overlapping_Gata4	0	0.000000	0.398232	0.398232	0.000000	0.398232
398453	chr11	43676000	43677000	chr11:43676000-43677000	99	H3K27ac_overlapping_Gata4	1	0.000000	-0.000662	0.000662	0.000000	-0.000662
398453	chr11	43676000	43677000	chr11:43676000-43677000	100	H3K27me3_overlapping_Gata4	0	0.000000	0.601087	0.601087	0.000000	0.601087
398453	chr11	43676000	43677000	chr11:43676000-43677000	101	H3K4me1_overlapping_Gata4	1	0.000000	-0.000451	0.000451	0.000000	-0.000451
398453	chr11	43676000	43677000	chr11:43676000-43677000	102	H3K4me3_overlapping_Gata4	0	0.000000	0.527914	0.527914	0.000000	0.527914
398453	chr11	43676000	43677000	chr11:43676000-43677000	103	Hand2_overlapping_Gata4	0	0.000000	0.696895	0.696895	0.000000	0.696895
398453	chr11	43676000	43677000	chr11:43676000-43677000	104	Isl1_overlapping_Gata4	0	0.000000	0.545841	0.545841	0.000000	0.545841
398453	chr11	43676000	43677000	chr11:43676000-43677000	105	Nkx2_5_overlapping_Gata4	0	0.000000	0.533672	0.533672	0.000000	0.533672
398453	chr11	43676000	43677000	chr11:43676000-43677000	106	Tbx5_overlapping_Gata4	1	0.000000	0.000381	0.000381	0.000000	0.000381
398453	chr11	43676000	43677000	chr11:43676000-43677000	107	Rloop_overlapping_Gata4	0	0.000000	0.533231	0.533231	0.000000	0.533231
398453	chr11	43676000	43677000	chr11:43676000-43677000	108	Gata6_peak	1	0.000000	0.000671	0.000671	0.000000	0.006702
398453	chr11	43676000	43677000	chr11:43676000-43677000	109	Gata6_self_ratio	1	0.000000	-0.000187	0.000187	0.000000	-0.000187
398453	chr11	43676000	43677000	chr11:43676000-43677000	110	Gata6_bin_ratio	0	0.000000	0.499342	0.499342	0.000000	0.499342
398453	chr11	43676000	43677000	chr11:43676000-43677000	111	G4_overlapping_Gata6	0	0.000000	0.255684	0.255684	0.000000	0.255684
398453	chr11	43676000	43677000	chr11:43676000-43677000	112	ATAC_overlapping_Gata6	1	0.000000	0.000519	0.000519	0.000000	0.000519
398453	chr11	43676000	43677000	chr11:43676000-43677000	113	NFR_overlapping_Gata6	1	0.000000	-0.000479	0.000479	0.000000	-0.000479
398453	chr11	43676000	43677000	chr11:43676000-43677000	114	Nucleosome_overlapping_Gata6	1	0.000000	-0.000114	0.000114	0.000000	-0.000114
398453	chr11	43676000	43677000	chr11:43676000-43677000	115	CTCF_overlapping_Gata6	1	0.000000	0.000505	0.000505	0.000000	0.000505
398453	chr11	43676000	43677000	chr11:43676000-43677000	116	Gata4_overlapping_Gata6	1	0.000000	-0.000221	0.000221	0.000000	-0.000221
398453	chr11	43676000	43677000	chr11:43676000-43677000	117	H3K27ac_overlapping_Gata6	1	0.000000	0.000191	0.000191	0.000000	0.000191
398453	chr11	43676000	43677000	chr11:43676000-43677000	118	H3K27me3_overlapping_Gata6	0	0.000000	0.421810	0.421810	0.000000	0.421810
398453	chr11	43676000	43677000	chr11:43676000-43677000	119	H3K4me1_overlapping_Gata6	0	0.000000	0.496204	0.496204	0.000000	0.496204
398453	chr11	43676000	43677000	chr11:43676000-43677000	120	H3K4me3_overlapping_Gata6	1	0.000000	0.000191	0.000191	0.000000	0.000191
398453	chr11	43676000	43677000	chr11:43676000-43677000	121	Hand2_overlapping_Gata6	0	0.000000	0.575318	0.575318	0.000000	0.575318
398453	chr11	43676000	43677000	chr11:43676000-43677000	122	Isl1_overlapping_Gata6	1	0.000000	0.000396	0.000396	0.000000	0.000396
398453	chr11	43676000	43677000	chr11:43676000-43677000	123	Nkx2_5_overlapping_Gata6	1	0.000000	-0.000936	0.000936	0.000000	-0.000936
398453	chr11	43676000	43677000	chr11:43676000-43677000	124	Tbx5_overlapping_Gata6	1	0.000000	-0.000374	0.000374	0.000000	-0.000374
398453	chr11	43676000	43677000	chr11:43676000-43677000	125	Rloop_overlapping_Gata6	1	0.000000	-0.000782	0.000782	0.000000	-0.000782
398453	chr11	43676000	43677000	chr11:43676000-43677000	126	H3K27ac_peak	1	0.000000	0.002484	0.002484	0.000000	0.023183
398453	chr11	43676000	43677000	chr11:43676000-43677000	127	H3K27ac_self_ratio	1	0.000000	-0.001063	0.001063	0.000000	-0.001063
398453	chr11	43676000	43677000	chr11:43676000-43677000	128	H3K27ac_bin_ratio	0	0.000000	0.435513	0.435513	0.000000	0.435513
398453	chr11	43676000	43677000	chr11:43676000-43677000	129	G4_overlapping_H3K27ac	0	0.000000	0.357689	0.357689	0.000000	0.357689
398453	chr11	43676000	43677000	chr11:43676000-43677000	130	ATAC_overlapping_H3K27ac	1	0.000000	0.000600	0.000600	0.000000	0.000600
398453	chr11	43676000	43677000	chr11:43676000-43677000	131	NFR_overlapping_H3K27ac	0	0.000000	0.349925	0.349925	0.000000	0.349925
398453	chr11	43676000	43677000	chr11:43676000-43677000	132	Nucleosome_overlapping_H3K27ac	0	0.000000	0.492346	0.492346	0.000000	0.492346
398453	chr11	43676000	43677000	chr11:43676000-43677000	133	CTCF_overlapping_H3K27ac	1	0.000000	-0.000367	0.000367	0.000000	-0.000367
398453	chr11	43676000	43677000	chr11:43676000-43677000	134	Gata4_overlapping_H3K27ac	1	0.000000	-0.000006	0.000006	0.000000	-0.000006
398453	chr11	43676000	43677000	chr11:43676000-43677000	135	Gata6_overlapping_H3K27ac	0	0.000000	0.588311	0.588311	0.000000	0.588311
398453	chr11	43676000	43677000	chr11:43676000-43677000	136	H3K27me3_overlapping_H3K27ac	1	0.000000	-0.000782	0.000782	0.000000	-0.000782
398453	chr11	43676000	43677000	chr11:43676000-43677000	137	H3K4me1_overlapping_H3K27ac	1	0.000000	-0.000943	0.000943	0.000000	-0.000943
398453	chr11	43676000	43677000	chr11:43676000-43677000	138	H3K4me3_overlapping_H3K27ac	0	0.000000	0.662615	0.662615	0.000000	0.662615
398453	chr11	43676000	43677000	chr11:43676000-43677000	139	Hand2_overlapping_H3K27ac	1	0.000000	-0.000936	0.000936	0.000000	-0.000936
398453	chr11	43676000	43677000	chr11:43676000-43677000	140	Isl1_overlapping_H3K27ac	1	0.000000	-0.000467	0.000467	0.000000	-0.000467
398453	chr11	43676000	43677000	chr11:43676000-43677000	141	Nkx2_5_overlapping_H3K27ac	0	0.000000	0.464322	0.464322	0.000000	0.464322
398453	chr11	43676000	43677000	chr11:43676000-43677000	142	Tbx5_overlapping_H3K27ac	1	0.000000	0.000021	0.000021	0.000000	0.000021
398453	chr11	43676000	43677000	chr11:43676000-43677000	143	Rloop_overlapping_H3K27ac	1	0.000000	0.000259	0.000259	0.000000	0.000259
398453	chr11	43676000	43677000	chr11:43676000-43677000	144	H3K27me3_peak	0	0.000000	0.444103	0.444103	0.000000	233.401389
398453	chr11	43676000	43677000	chr11:43676000-43677000	145	H3K27me3_self_ratio	1	0.000000	0.000585	0.000585	0.000000	0.000585
398453	chr11	43676000	43677000	chr11:43676000-43677000	146	H3K27me3_bin_ratio	0	0.000000	0.469085	0.469085	0.000000	0.469085
398453	chr11	43676000	43677000	chr11:43676000-43677000	147	G4_overlapping_H3K27me3	0	0.000000	0.406327	0.406327	0.000000	0.406327
398453	chr11	43676000	43677000	chr11:43676000-43677000	148	ATAC_overlapping_H3K27me3	0	0.000000	0.326770	0.326770	0.000000	0.326770
398453	chr11	43676000	43677000	chr11:43676000-43677000	149	NFR_overlapping_H3K27me3	1	0.000000	0.001193	0.001193	0.000000	0.001193
398453	chr11	43676000	43677000	chr11:43676000-43677000	150	Nucleosome_overlapping_H3K27me3	1	0.000000	0.000132	0.000132	0.000000	0.000132
398453	chr11	43676000	43677000	chr11:43676000-43677000	151	CTCF_overlapping_H3K27me3	1	0.000000	0.000435	0.000435	0.000000	0.000435
398453	chr11	43676000	43677000	chr11:43676000-43677000	152	Gata4_overlapping_H3K27me3	0	0.000000	0.570174	0.570174	0.000000	0.570174
398453	chr11	43676000	43677000	chr11:43676000-43677000	153	Gata6_overlapping_H3K27me3	0	0.000000	0.395783	0.395783	0.000000	0.395783
398453	chr11	43676000	43677000	chr11:43676000-43677000	154	H3K27ac_overlapping_H3K27me3	1	0.000000	0.000120	0.000120	0.000000	0.000120
398453	chr11	43676000	43677000	chr11:43676000-43677000	155	H3K4me1_overlapping_H3K27me3	0	0.000000	0.208144	0.208144	0.000000	0.208144
398453	chr11	43676000	43677000	chr11:43676000-43677000	156	H3K4me3_overlapping_H3K27me3	0	0.000000	0.514576	0.514576	0.000000	0.514576
398453	chr11	43676000	43677000	chr11:43676000-43677000	157	Hand2_overlapping_H3K27me3	0	0.000000	0.496029	0.496029	0.000000	0.496029
398453	chr11	43676000	43677000	chr11:43676000-43677000	158	Isl1_overlapping_H3K27me3	1	0.000000	0.000005	0.000005	0.000000	0.000005
398453	chr11	43676000	43677000	chr11:43676000-43677000	159	Nkx2_5_overlapping_H3K27me3	1	0.000000	-0.000278	0.000278	0.000000	-0.000278
398453	chr11	43676000	43677000	chr11:43676000-43677000	160	Tbx5_overlapping_H3K27me3	1	0.000000	-0.000432	0.000432	0.000000	-0.000432
398453	chr11	43676000	43677000	chr11:43676000-43677000	161	Rloop_overlapping_H3K27me3	1	0.000000	-0.000242	0.000242	0.000000	-0.000242
398453	chr11	43676000	43677000	chr11:43676000-43677000	162	H3K4me1_peak	0	0.000000	0.407896	0.407896	0.000000	63.054975
398453	chr11	43676000	43677000	chr11:43676000-43677000	163	H3K4me1_self_ratio	0	0.000000	0.209745	0.209745	0.000000	0.209745
398453	chr11	43676000	43677000	chr11:43676000-43677000	164	H3K4me1_bin_ratio	1	0.000000	0.000978	0.000978	0.000000	0.000978
398453	chr11	43676000	43677000	chr11:43676000-43677000	165	G4_overlapping_H3K4me1	1	0.000000	-0.000559	0.000559	0.000000	-0.000559
398453	chr11	43676000	43677000	chr11:43676000-43677000	166	ATAC_overlapping_H3K4me1	0	0.000000	0.226781	0.226781	0.000000	0.226781
398453	chr11	43676000	43677000	chr11:43676000-43677000	167	NFR_overlapping_H3K4me1	0	0.000000	0.357265	0.357265	0.000000	0.357265
398453	chr11	43676000	43677000	chr11:43676000-43677000	168	Nucleosome_overlapping_H3K4me1	0	0.000000	0.515938	0.515938	0.000000	0.515938
398453	chr11	43676000	43677000	chr11:43676000-43677000	169	CTCF_overlapping_H3K4me1	1	0.000000	-0.000671	0.000671	0.000000	-0.000671
398453	chr11	43676000	43677000	chr11:43676000-43677000	170	Gata4_overlapping_H3K4me1	1	0.000000	-0.000994	0.000994	0.000000	-0.000994
398453	chr11	43676000	43677000	chr11:43676000-43677000	171	Gata6_overlapping_H3K4me1	0	0.000000	0.314394	0.314394	0.000000	0.314394
398453	chr11	43676000	43677000	chr11:43676000-43677000	172	H3K27ac_overlapping_H3K4me1	0	0.000000	0.205229	0.205229	0.000000	0.205229
398453	chr11	43676000	43677000	chr11:43676000-43677000	173	H3K27me3_overlapping_H3K4me1	1	0.000000	0.001909	0.001909	0.000000	0.001909
398453	chr11	43676000	43677000	chr11:43676000-43677000	174	H3K4me3_overlapping_H3K4me1	0	0.000000	0.452856	0.452856	0.000000	0.452856
398453	chr11	43676000	43677000	chr11:43676000-43677000	175	Hand2_overlapping_H3K4me1	1	0.000000	0.000691	0.000691	0.000000	0.000691
398453	chr11	43676000	43677000	chr11:43676000-43677000	176	Isl1_overlapping_H3K4me1	1	0.000000	0.000731	0.000731	0.000000	0.000731
398453	chr11	43676000	43677000	chr11:43676000-43677000	177	Nkx2_5_overlapping_H3K4me1	0	0.000000	0.356030	0.356030	0.000000	0.356030
398453	chr11	43676000	43677000	chr11:43676000-43677000	178	Tbx5_overlapping_H3K4me1	1	0.000000	-0.000219	0.000219	0.000000	-0.000219
398453	chr11	43676000	43677000	chr11:43676000-43677000	179	Rloop_overlapping_H3K4me1	0	0.000000	0.161534	0.161534	0.000000	0.161534
398453	chr11	43676000	43677000	chr11:43676000-43677000	180	H3K4me3_peak	0	0.000000	0.282601	0.282601	0.000000	15.193841
398453	chr11	43676000	43677000	chr11:43676000-43677000	181	H3K4me3_self_ratio	1	0.000000	0.000101	0.000101	0.000000	0.000101
398453	chr11	43676000	43677000	chr11:43676000-43677000	182	H3K4me3_bin_ratio	0	0.000000	0.446051	0.446051	0.000000	0.446051
398453	chr11	43676000	43677000	chr11:43676000-43677000	183	G4_overlapping_H3K4me3	1	0.000000	-0.000510	0.000510	0.000000	-0.000510
398453	chr11	43676000	43677000	chr11:43676000-43677000	184	ATAC_overlapping_H3K4me3	1	0.000000	-0.000013	0.000013	0.000000	-0.000013
398453	chr11	43676000	43677000	chr11:43676000-43677000	185	NFR_overlapping_H3K4me3	0	0.000000	0.326272	0.326272	0.000000	0.326272
398453	chr11	43676000	43677000	chr11:43676000-43677000	186	Nucleosome_overlapping_H3K4me3	0	0.000000	0.417152	0.417152	0.000000	0.417152
398453	chr11	43676000	43677000	chr11:43676000-43677000	187	CTCF_overlapping_H3K4me3	0	0.000000	0.479448	0.479448	0.000000	0.479448
398453	chr11	43676000	43677000	chr11:43676000-43677000	188	Gata4_overlapping_H3K4me3	1	0.000000	-0.000022	0.000022	0.000000	-0.000022
398453	chr11	43676000	43677000	chr11:43676000-43677000	189	Gata6_overlapping_H3K4me3	1	0.000000	0.000206	0.000206	0.000000	0.000206
398453	chr11	43676000	43677000	chr11:43676000-43677000	190	H3K27ac_overlapping_H3K4me3	0	0.000000	0.623070	0.623070	0.000000	0.623070
398453	chr11	43676000	43677000	chr11:43676000-43677000	191	H3K27me3_overlapping_H3K4me3	0	0.000000	0.451672	0.451672	0.000000	0.451672
398453	chr11	43676000	43677000	chr11:43676000-43677000	192	H3K4me1_overlapping_H3K4me3	0	0.000000	0.525743	0.525743	0.000000	0.525743
398453	chr11	43676000	43677000	chr11:43676000-43677000	193	Hand2_overlapping_H3K4me3	0	0.000000	0.576506	0.576506	0.000000	0.576506
398453	chr11	43676000	43677000	chr11:43676000-43677000	194	Isl1_overlapping_H3K4me3	0	0.000000	0.566844	0.566844	0.000000	0.566844
398453	chr11	43676000	43677000	chr11:43676000-43677000	195	Nkx2_5_overlapping_H3K4me3	0	0.000000	0.501104	0.501104	0.000000	0.501104
398453	chr11	43676000	43677000	chr11:43676000-43677000	196	Tbx5_overlapping_H3K4me3	1	0.000000	-0.000275	0.000275	0.000000	-0.000275
398453	chr11	43676000	43677000	chr11:43676000-43677000	197	Rloop_overlapping_H3K4me3	0	0.000000	0.242146	0.242146	0.000000	0.242146
398453	chr11	43676000	43677000	chr11:43676000-43677000	198	Hand2_peak	0	0.000000	0.487169	0.487169	0.000000	150.306561
398453	chr11	43676000	43677000	chr11:43676000-43677000	199	Hand2_self_ratio	0	0.000000	0.367650	0.367650	0.000000	0.367650
398453	chr11	43676000	43677000	chr11:43676000-43677000	200	Hand2_bin_ratio	1	0.000000	0.003839	0.003839	0.000000	0.003839
398453	chr11	43676000	43677000	chr11:43676000-43677000	201	G4_overlapping_Hand2	0	0.000000	0.527921	0.527921	0.000000	0.527921
398453	chr11	43676000	43677000	chr11:43676000-43677000	202	ATAC_overlapping_Hand2	0	0.000000	0.450940	0.450940	0.000000	0.450940
398453	chr11	43676000	43677000	chr11:43676000-43677000	203	NFR_overlapping_Hand2	1	0.000000	0.000459	0.000459	0.000000	0.000459
398453	chr11	43676000	43677000	chr11:43676000-43677000	204	Nucleosome_overlapping_Hand2	0	0.000000	0.455954	0.455954	0.000000	0.455954
398453	chr11	43676000	43677000	chr11:43676000-43677000	205	CTCF_overlapping_Hand2	1	0.000000	0.000389	0.000389	0.000000	0.000389
398453	chr11	43676000	43677000	chr11:43676000-43677000	206	Gata4_overlapping_Hand2	0	0.000000	0.637279	0.637279	0.000000	0.637279
398453	chr11	43676000	43677000	chr11:43676000-43677000	207	Gata6_overlapping_Hand2	1	0.000000	-0.000485	0.000485	0.000000	-0.000485
398453	chr11	43676000	43677000	chr11:43676000-43677000	208	H3K27ac_overlapping_Hand2	0	0.000000	0.506994	0.506994	0.000000	0.506994
398453	chr11	43676000	43677000	chr11:43676000-43677000	209	H3K27me3_overlapping_Hand2	0	0.000000	0.551229	0.551229	0.000000	0.551229
398453	chr11	43676000	43677000	chr11:43676000-43677000	210	H3K4me1_overlapping_Hand2	1	0.000000	0.000407	0.000407	0.000000	0.000407
398453	chr11	43676000	43677000	chr11:43676000-43677000	211	H3K4me3_overlapping_Hand2	1	0.000000	0.000398	0.000398	0.000000	0.000398
398453	chr11	43676000	43677000	chr11:43676000-43677000	212	Isl1_overlapping_Hand2	0	0.000000	0.249007	0.249007	0.000000	0.249007
398453	chr11	43676000	43677000	chr11:43676000-43677000	213	Nkx2_5_overlapping_Hand2	1	0.000000	-0.000482	0.000482	0.000000	-0.000482
398453	chr11	43676000	43677000	chr11:43676000-43677000	214	Tbx5_overlapping_Hand2	1	0.000000	0.001504	0.001504	0.000000	0.001504
398453	chr11	43676000	43677000	chr11:43676000-43677000	215	Rloop_overlapping_Hand2	1	0.000000	0.001086	0.001086	0.000000	0.001086
398453	chr11	43676000	43677000	chr11:43676000-43677000	216	Isl1_peak	0	0.000000	0.469368	0.469368	0.000000	21.870544
398453	chr11	43676000	43677000	chr11:43676000-43677000	217	Isl1_self_ratio	0	0.000000	0.296163	0.296163	0.000000	0.296163
398453	chr11	43676000	43677000	chr11:43676000-43677000	218	Isl1_bin_ratio	0	0.000000	0.345640	0.345640	0.000000	0.345640
398453	chr11	43676000	43677000	chr11:43676000-43677000	219	G4_overlapping_Isl1	0	0.000000	0.301285	0.301285	0.000000	0.301285
398453	chr11	43676000	43677000	chr11:43676000-43677000	220	ATAC_overlapping_Isl1	0	0.000000	0.370149	0.370149	0.000000	0.370149
398453	chr11	43676000	43677000	chr11:43676000-43677000	221	NFR_overlapping_Isl1	1	0.000000	0.000233	0.000233	0.000000	0.000233
398453	chr11	43676000	43677000	chr11:43676000-43677000	222	Nucleosome_overlapping_Isl1	1	0.000000	-0.000673	0.000673	0.000000	-0.000673
398453	chr11	43676000	43677000	chr11:43676000-43677000	223	CTCF_overlapping_Isl1	1	0.000000	-0.000434	0.000434	0.000000	-0.000434
398453	chr11	43676000	43677000	chr11:43676000-43677000	224	Gata4_overlapping_Isl1	0	0.000000	0.343044	0.343044	0.000000	0.343044
398453	chr11	43676000	43677000	chr11:43676000-43677000	225	Gata6_overlapping_Isl1	1	0.000000	0.000530	0.000530	0.000000	0.000530
398453	chr11	43676000	43677000	chr11:43676000-43677000	226	H3K27ac_overlapping_Isl1	1	0.000000	-0.000262	0.000262	0.000000	-0.000262
398453	chr11	43676000	43677000	chr11:43676000-43677000	227	H3K27me3_overlapping_Isl1	1	0.000000	-0.000475	0.000475	0.000000	-0.000475
398453	chr11	43676000	43677000	chr11:43676000-43677000	228	H3K4me1_overlapping_Isl1	0	0.000000	0.328246	0.328246	0.000000	0.328246
398453	chr11	43676000	43677000	chr11:43676000-43677000	229	H3K4me3_overlapping_Isl1	0	0.000000	0.401031	0.401031	0.000000	0.401031
398453	chr11	43676000	43677000	chr11:43676000-43677000	230	Hand2_overlapping_Isl1	1	0.000000	0.000041	0.000041	0.000000	0.000041
398453	chr11	43676000	43677000	chr11:43676000-43677000	231	Nkx2_5_overlapping_Isl1	1	0.000000	-0.001087	0.001087	0.000000	-0.001087
398453	chr11	43676000	43677000	chr11:43676000-43677000	232	Tbx5_overlapping_Isl1	0	0.000000	0.587184	0.587184	0.000000	0.587184
398453	chr11	43676000	43677000	chr11:43676000-43677000	233	Rloop_overlapping_Isl1	0	0.000000	0.573713	0.573713	0.000000	0.573713
398453	chr11	43676000	43677000	chr11:43676000-43677000	234	Nkx2_5_peak	0	0.000000	0.382028	0.382028	0.000000	22.788358
398453	chr11	43676000	43677000	chr11:43676000-43677000	235	Nkx2_5_self_ratio	0	0.000000	0.444025	0.444025	0.000000	0.444025
398453	chr11	43676000	43677000	chr11:43676000-43677000	236	Nkx2_5_bin_ratio	0	0.000000	0.315626	0.315626	0.000000	0.315626
398453	chr11	43676000	43677000	chr11:43676000-43677000	237	G4_overlapping_Nkx2_5	0	0.000000	0.232251	0.232251	0.000000	0.232251
398453	chr11	43676000	43677000	chr11:43676000-43677000	238	ATAC_overlapping_Nkx2_5	1	0.000000	-0.000295	0.000295	0.000000	-0.000295
398453	chr11	43676000	43677000	chr11:43676000-43677000	239	NFR_overlapping_Nkx2_5	1	0.000000	0.000143	0.000143	0.000000	0.000143
398453	chr11	43676000	43677000	chr11:43676000-43677000	240	Nucleosome_overlapping_Nkx2_5	0	0.000000	0.309998	0.309998	0.000000	0.309998
398453	chr11	43676000	43677000	chr11:43676000-43677000	241	CTCF_overlapping_Nkx2_5	1	0.000000	0.000255	0.000255	0.000000	0.000255
398453	chr11	43676000	43677000	chr11:43676000-43677000	242	Gata4_overlapping_Nkx2_5	0	0.000000	0.539950	0.539950	0.000000	0.539950
398453	chr11	43676000	43677000	chr11:43676000-43677000	243	Gata6_overlapping_Nkx2_5	0	0.000000	0.561862	0.561862	0.000000	0.561862
398453	chr11	43676000	43677000	chr11:43676000-43677000	244	H3K27ac_overlapping_Nkx2_5	0	0.000000	0.440095	0.440095	0.000000	0.440095
398453	chr11	43676000	43677000	chr11:43676000-43677000	245	H3K27me3_overlapping_Nkx2_5	1	0.000000	-0.000085	0.000085	0.000000	-0.000085
398453	chr11	43676000	43677000	chr11:43676000-43677000	246	H3K4me1_overlapping_Nkx2_5	1	0.000000	-0.000688	0.000688	0.000000	-0.000688
398453	chr11	43676000	43677000	chr11:43676000-43677000	247	H3K4me3_overlapping_Nkx2_5	0	0.000000	0.551138	0.551138	0.000000	0.551138
398453	chr11	43676000	43677000	chr11:43676000-43677000	248	Hand2_overlapping_Nkx2_5	0	0.000000	0.475932	0.475932	0.000000	0.475932
398453	chr11	43676000	43677000	chr11:43676000-43677000	249	Isl1_overlapping_Nkx2_5	0	0.000000	0.419129	0.419129	0.000000	0.419129
398453	chr11	43676000	43677000	chr11:43676000-43677000	250	Tbx5_overlapping_Nkx2_5	1	0.000000	-0.000029	0.000029	0.000000	-0.000029
398453	chr11	43676000	43677000	chr11:43676000-43677000	251	Rloop_overlapping_Nkx2_5	1	0.000000	-0.000980	0.000980	0.000000	-0.000980
398453	chr11	43676000	43677000	chr11:43676000-43677000	252	Tbx5_peak	1	0.000000	0.000599	0.000599	0.000000	0.004575
398453	chr11	43676000	43677000	chr11:43676000-43677000	253	Tbx5_self_ratio	0	0.000000	0.416473	0.416473	0.000000	0.416473
398453	chr11	43676000	43677000	chr11:43676000-43677000	254	Tbx5_bin_ratio	1	0.000000	0.003947	0.003947	0.000000	0.003947
398453	chr11	43676000	43677000	chr11:43676000-43677000	255	G4_overlapping_Tbx5	1	0.000000	0.000508	0.000508	0.000000	0.000508
398453	chr11	43676000	43677000	chr11:43676000-43677000	256	ATAC_overlapping_Tbx5	1	0.000000	-0.000061	0.000061	0.000000	-0.000061
398453	chr11	43676000	43677000	chr11:43676000-43677000	257	NFR_overlapping_Tbx5	0	0.000000	0.529466	0.529466	0.000000	0.529466
398453	chr11	43676000	43677000	chr11:43676000-43677000	258	Nucleosome_overlapping_Tbx5	0	0.000000	0.445695	0.445695	0.000000	0.445695
398453	chr11	43676000	43677000	chr11:43676000-43677000	259	CTCF_overlapping_Tbx5	0	0.000000	0.593299	0.593299	0.000000	0.593299
398453	chr11	43676000	43677000	chr11:43676000-43677000	260	Gata4_overlapping_Tbx5	0	0.000000	0.548640	0.548640	0.000000	0.548640
398453	chr11	43676000	43677000	chr11:43676000-43677000	261	Gata6_overlapping_Tbx5	1	0.000000	0.000440	0.000440	0.000000	0.000440
398453	chr11	43676000	43677000	chr11:43676000-43677000	262	H3K27ac_overlapping_Tbx5	1	0.000000	-0.000374	0.000374	0.000000	-0.000374
398453	chr11	43676000	43677000	chr11:43676000-43677000	263	H3K27me3_overlapping_Tbx5	0	0.000000	0.544070	0.544070	0.000000	0.544070
398453	chr11	43676000	43677000	chr11:43676000-43677000	264	H3K4me1_overlapping_Tbx5	0	0.000000	0.478860	0.478860	0.000000	0.478860
398453	chr11	43676000	43677000	chr11:43676000-43677000	265	H3K4me3_overlapping_Tbx5	0	0.000000	0.684154	0.684154	0.000000	0.684154
398453	chr11	43676000	43677000	chr11:43676000-43677000	266	Hand2_overlapping_Tbx5	1	0.000000	-0.000689	0.000689	0.000000	-0.000689
398453	chr11	43676000	43677000	chr11:43676000-43677000	267	Isl1_overlapping_Tbx5	0	0.000000	0.450137	0.450137	0.000000	0.450137
398453	chr11	43676000	43677000	chr11:43676000-43677000	268	Nkx2_5_overlapping_Tbx5	1	0.000000	0.000552	0.000552	0.000000	0.000552
398453	chr11	43676000	43677000	chr11:43676000-43677000	269	Rloop_overlapping_Tbx5	0	0.000000	0.465939	0.465939	0.000000	0.465939
398453	chr11	43676000	43677000	chr11:43676000-43677000	270	Rloop_peak	0	0.000000	0.434489	0.434489	0.000000	8.409358
398453	chr11	43676000	43677000	chr11:43676000-43677000	271	Rloop_self_ratio	0	0.000000	0.436254	0.436254	0.000000	0.436254
398453	chr11	43676000	43677000	chr11:43676000-43677000	272	Rloop_bin_ratio	1	0.000000	-0.000796	0.000796	0.000000	-0.000796
398453	chr11	43676000	43677000	chr11:43676000-43677000	273	G4_overlapping_Rloop	1	0.000000	-0.000533	0.000533	0.000000	-0.000533
398453	chr11	43676000	43677000	chr11:43676000-43677000	274	ATAC_overlapping_Rloop	0	0.000000	0.430934	0.430934	0.000000	0.430934
398453	chr11	43676000	43677000	chr11:43676000-43677000	275	NFR_overlapping_Rloop	1	0.000000	-0.000498	0.000498	0.000000	-0.000498
398453	chr11	43676000	43677000	chr11:43676000-43677000	276	Nucleosome_overlapping_Rloop	0	0.000000	0.396418	0.396418	0.000000	0.396418
398453	chr11	43676000	43677000	chr11:43676000-43677000	277	CTCF_overlapping_Rloop	1	0.000000	0.000711	0.000711	0.000000	0.000711
398453	chr11	43676000	43677000	chr11:43676000-43677000	278	Gata4_overlapping_Rloop	0	0.000000	0.458876	0.458876	0.000000	0.458876
398453	chr11	43676000	43677000	chr11:43676000-43677000	279	Gata6_overlapping_Rloop	1	0.000000	0.000132	0.000132	0.000000	0.000132
398453	chr11	43676000	43677000	chr11:43676000-43677000	280	H3K27ac_overlapping_Rloop	0	0.000000	0.484335	0.484335	0.000000	0.484335
398453	chr11	43676000	43677000	chr11:43676000-43677000	281	H3K27me3_overlapping_Rloop	0	0.000000	0.350382	0.350382	0.000000	0.350382
398453	chr11	43676000	43677000	chr11:43676000-43677000	282	H3K4me1_overlapping_Rloop	0	0.000000	0.333602	0.333602	0.000000	0.333602
398453	chr11	43676000	43677000	chr11:43676000-43677000	283	H3K4me3_overlapping_Rloop	0	0.000000	0.209618	0.209618	0.000000	0.209618
398453	chr11	43676000	43677000	chr11:43676000-43677000	284	Hand2_overlapping_Rloop	1	0.000000	0.000299	0.000299	0.000000	0.000299
398453	chr11	43676000	43677000	chr11:43676000-43677000	285	Isl1_overlapping_Rloop	0	0.000000	0.417531	0.417531	0.000000	0.417531
398453	chr11	43676000	43677000	chr11:43676000-43677000	286	Nkx2_5_overlapping_Rloop	0	0.000000	0.499661	0.499661	0.000000	0.499661
398453	chr11	43676000	43677000	chr11:43676000-43677000	287	Tbx5_overlapping_Rloop	1	0.000000	0.000759	0.000759	0.000000	0.000759
532109	chr15	99233000	99234000	chr15:99233000-99234000	0	G4_peak	0	0.000000	0.644812	0.644812	0.000000	28.700730
532109	chr15	99233000	99234000	chr15:99233000-99234000	1	G4_self_ratio	1	0.000000	0.000671	0.000671	0.000000	0.000671
532109	chr15	99233000	99234000	chr15:99233000-99234000	2	G4_bin_ratio	1	0.000000	0.000387	0.000387	0.000000	0.000387
532109	chr15	99233000	99234000	chr15:99233000-99234000	3	ATAC_overlapping_G4	0	0.000000	0.770189	0.770189	0.000000	0.770189
532109	chr15	99233000	99234000	chr15:99233000-99234000	4	NFR_overlapping_G4	1	0.000000	-0.003334	0.003334	0.000000	-0.003334
532109	chr15	99233000	99234000	chr15:99233000-99234000	5	Nucleosome_overlapping_G4	1	0.000000	0.000027	0.000027	0.000000	0.000027
532109	chr15	99233000	99234000	chr15:99233000-99234000	6	CTCF_overlapping_G4	0	0.000000	0.798001	0.798001	0.000000	0.798001
532109	chr15	99233000	99234000	chr15:99233000-99234000	7	Gata4_overlapping_G4	0	0.000000	0.490740	0.490740	0.000000	0.490740
532109	chr15	99233000	99234000	chr15:99233000-99234000	8	Gata6_overlapping_G4	1	0.000000	0.000646	0.000646	0.000000	0.000646
532109	chr15	99233000	99234000	chr15:99233000-99234000	9	H3K27ac_overlapping_G4	1	0.000000	-0.000340	0.000340	0.000000	-0.000340
532109	chr15	99233000	99234000	chr15:99233000-99234000	10	H3K27me3_overlapping_G4	0	0.000000	0.711549	0.711549	0.000000	0.711549
532109	chr15	99233000	99234000	chr15:99233000-99234000	11	H3K4me1_overlapping_G4	0	0.000000	0.536120	0.536120	0.000000	0.536120
532109	chr15	99233000	99234000	chr15:99233000-99234000	12	H3K4me3_overlapping_G4	1	0.000000	-0.001059	0.001059	0.000000	-0.001059
532109	chr15	99233000	99234000	chr15:99233000-99234000	13	Hand2_overlapping_G4	0	0.000000	0.748049	0.748049	0.000000	0.748049
532109	chr15	99233000	99234000	chr15:99233000-99234000	14	Isl1_overlapping_G4	0	0.000000	0.490853	0.490853	0.000000	0.490853
532109	chr15	99233000	99234000	chr15:99233000-99234000	15	Nkx2_5_overlapping_G4	0	0.000000	0.452856	0.452856	0.000000	0.452856
532109	chr15	99233000	99234000	chr15:99233000-99234000	16	Tbx5_overlapping_G4	1	0.000000	0.000621	0.000621	0.000000	0.000621
532109	chr15	99233000	99234000	chr15:99233000-99234000	17	Rloop_overlapping_G4	0	0.000000	0.519945	0.519945	0.000000	0.519945
532109	chr15	99233000	99234000	chr15:99233000-99234000	18	ATAC_peak	1	0.694800	0.664275	0.030526	221.500023	174.469615
532109	chr15	99233000	99234000	chr15:99233000-99234000	19	ATAC_self_ratio	1	0.270000	0.393265	0.123265	0.270000	0.393265
532109	chr15	99233000	99234000	chr15:99233000-99234000	20	ATAC_bin_ratio	0	1.000000	0.636365	0.363635	1.000000	0.636365
532109	chr15	99233000	99234000	chr15:99233000-99234000	21	G4_overlapping_ATAC	0	0.000000	0.766758	0.766758	0.000000	0.766758
532109	chr15	99233000	99234000	chr15:99233000-99234000	22	NFR_overlapping_ATAC	1	0.000000	0.000430	0.000430	0.000000	0.000430
532109	chr15	99233000	99234000	chr15:99233000-99234000	23	Nucleosome_overlapping_ATAC	0	0.000000	0.452058	0.452058	0.000000	0.452058
532109	chr15	99233000	99234000	chr15:99233000-99234000	24	CTCF_overlapping_ATAC	0	1.000000	0.533222	0.466778	1.000000	0.533222
532109	chr15	99233000	99234000	chr15:99233000-99234000	25	Gata4_overlapping_ATAC	0	1.000000	0.752303	0.247697	1.000000	0.752303
532109	chr15	99233000	99234000	chr15:99233000-99234000	26	Gata6_overlapping_ATAC	0	0.000000	0.542185	0.542185	0.000000	0.542185
532109	chr15	99233000	99234000	chr15:99233000-99234000	27	H3K27ac_overlapping_ATAC	0	0.000000	0.572311	0.572311	0.000000	0.572311
532109	chr15	99233000	99234000	chr15:99233000-99234000	28	H3K27me3_overlapping_ATAC	0	1.000000	0.825069	0.174931	1.000000	0.825069
532109	chr15	99233000	99234000	chr15:99233000-99234000	29	H3K4me1_overlapping_ATAC	1	0.000000	-0.001013	0.001013	0.000000	-0.001013
532109	chr15	99233000	99234000	chr15:99233000-99234000	30	H3K4me3_overlapping_ATAC	1	0.000000	-0.000120	0.000120	0.000000	-0.000120
532109	chr15	99233000	99234000	chr15:99233000-99234000	31	Hand2_overlapping_ATAC	1	0.000000	0.004628	0.004628	0.000000	0.004628
532109	chr15	99233000	99234000	chr15:99233000-99234000	32	Isl1_overlapping_ATAC	0	0.000000	0.667124	0.667124	0.000000	0.667124
532109	chr15	99233000	99234000	chr15:99233000-99234000	33	Nkx2_5_overlapping_ATAC	0	0.000000	0.544972	0.544972	0.000000	0.544972
532109	chr15	99233000	99234000	chr15:99233000-99234000	34	Tbx5_overlapping_ATAC	0	0.000000	0.808700	0.808700	0.000000	0.808700
532109	chr15	99233000	99234000	chr15:99233000-99234000	35	Rloop_overlapping_ATAC	0	0.000000	0.589759	0.589759	0.000000	0.589759
532109	chr15	99233000	99234000	chr15:99233000-99234000	36	NFR_peak	0	0.000000	0.450912	0.450912	0.000000	25.130074
532109	chr15	99233000	99234000	chr15:99233000-99234000	37	NFR_self_ratio	0	0.000000	0.388657	0.388657	0.000000	0.388657
532109	chr15	99233000	99234000	chr15:99233000-99234000	38	NFR_bin_ratio	1	0.000000	0.000391	0.000391	0.000000	0.000391
532109	chr15	99233000	99234000	chr15:99233000-99234000	39	G4_overlapping_NFR	1	0.000000	-0.000784	0.000784	0.000000	-0.000784
532109	chr15	99233000	99234000	chr15:99233000-99234000	40	ATAC_overlapping_NFR	0	0.000000	0.641002	0.641002	0.000000	0.641002
532109	chr15	99233000	99234000	chr15:99233000-99234000	41	Nucleosome_overlapping_NFR	1	0.000000	-0.000375	0.000375	0.000000	-0.000375
532109	chr15	99233000	99234000	chr15:99233000-99234000	42	CTCF_overlapping_NFR	0	0.000000	0.612805	0.612805	0.000000	0.612805
532109	chr15	99233000	99234000	chr15:99233000-99234000	43	Gata4_overlapping_NFR	0	0.000000	0.309168	0.309168	0.000000	0.309168
532109	chr15	99233000	99234000	chr15:99233000-99234000	44	Gata6_overlapping_NFR	1	0.000000	-0.000661	0.000661	0.000000	-0.000661
532109	chr15	99233000	99234000	chr15:99233000-99234000	45	H3K27ac_overlapping_NFR	0	0.000000	0.592121	0.592121	0.000000	0.592121
532109	chr15	99233000	99234000	chr15:99233000-99234000	46	H3K27me3_overlapping_NFR	1	0.000000	0.000161	0.000161	0.000000	0.000161
532109	chr15	99233000	99234000	chr15:99233000-99234000	47	H3K4me1_overlapping_NFR	0	0.000000	0.579028	0.579028	0.000000	0.579028
532109	chr15	99233000	99234000	chr15:99233000-99234000	48	H3K4me3_overlapping_NFR	0	0.000000	0.467806	0.467806	0.000000	0.467806
532109	chr15	99233000	99234000	chr15:99233000-99234000	49	Hand2_overlapping_NFR	1	0.000000	-0.000178	0.000178	0.000000	-0.000178
532109	chr15	99233000	99234000	chr15:99233000-99234000	50	Isl1_overlapping_NFR	0	0.000000	0.482111	0.482111	0.000000	0.482111
532109	chr15	99233000	99234000	chr15:99233000-99234000	51	Nkx2_5_overlapping_NFR	1	0.000000	-0.000822	0.000822	0.000000	-0.000822
532109	chr15	99233000	99234000	chr15:99233000-99234000	52	Tbx5_overlapping_NFR	1	0.000000	0.001961	0.001961	0.000000	0.001961
532109	chr15	99233000	99234000	chr15:99233000-99234000	53	Rloop_overlapping_NFR	1	0.000000	-0.000791	0.000791	0.000000	-0.000791
532109	chr15	99233000	99234000	chr15:99233000-99234000	54	Nucleosome_peak	1	0.000000	0.000562	0.000562	0.000000	0.004182
532109	chr15	99233000	99234000	chr15:99233000-99234000	55	Nucleosome_self_ratio	1	0.000000	0.000810	0.000810	0.000000	0.000810
532109	chr15	99233000	99234000	chr15:99233000-99234000	56	Nucleosome_bin_ratio	1	0.000000	0.000073	0.000073	0.000000	0.000073
532109	chr15	99233000	99234000	chr15:99233000-99234000	57	G4_overlapping_Nucleosome	0	0.000000	0.622134	0.622134	0.000000	0.622134
532109	chr15	99233000	99234000	chr15:99233000-99234000	58	ATAC_overlapping_Nucleosome	0	0.000000	0.557416	0.557416	0.000000	0.557416
532109	chr15	99233000	99234000	chr15:99233000-99234000	59	NFR_overlapping_Nucleosome	1	0.000000	0.000280	0.000280	0.000000	0.000280
532109	chr15	99233000	99234000	chr15:99233000-99234000	60	CTCF_overlapping_Nucleosome	1	0.000000	-0.004747	0.004747	0.000000	-0.004747
532109	chr15	99233000	99234000	chr15:99233000-99234000	61	Gata4_overlapping_Nucleosome	1	0.000000	0.000718	0.000718	0.000000	0.000718
532109	chr15	99233000	99234000	chr15:99233000-99234000	62	Gata6_overlapping_Nucleosome	0	0.000000	0.532716	0.532716	0.000000	0.532716
532109	chr15	99233000	99234000	chr15:99233000-99234000	63	H3K27ac_overlapping_Nucleosome	0	0.000000	0.642585	0.642585	0.000000	0.642585
532109	chr15	99233000	99234000	chr15:99233000-99234000	64	H3K27me3_overlapping_Nucleosome	0	0.000000	0.543534	0.543534	0.000000	0.543534
532109	chr15	99233000	99234000	chr15:99233000-99234000	65	H3K4me1_overlapping_Nucleosome	1	0.000000	-0.000503	0.000503	0.000000	-0.000503
532109	chr15	99233000	99234000	chr15:99233000-99234000	66	H3K4me3_overlapping_Nucleosome	1	0.000000	-0.000202	0.000202	0.000000	-0.000202
532109	chr15	99233000	99234000	chr15:99233000-99234000	67	Hand2_overlapping_Nucleosome	0	0.000000	0.664047	0.664047	0.000000	0.664047
532109	chr15	99233000	99234000	chr15:99233000-99234000	68	Isl1_overlapping_Nucleosome	0	0.000000	0.663294	0.663294	0.000000	0.663294
532109	chr15	99233000	99234000	chr15:99233000-99234000	69	Nkx2_5_overlapping_Nucleosome	0	0.000000	0.349557	0.349557	0.000000	0.349557
532109	chr15	99233000	99234000	chr15:99233000-99234000	70	Tbx5_overlapping_Nucleosome	1	0.000000	-0.000811	0.000811	0.000000	-0.000811
532109	chr15	99233000	99234000	chr15:99233000-99234000	71	Rloop_overlapping_Nucleosome	1	0.000000	-0.000176	0.000176	0.000000	-0.000176
532109	chr15	99233000	99234000	chr15:99233000-99234000	72	CTCF_peak	1	0.585663	0.707966	0.122303	236.780042	744.398885
532109	chr15	99233000	99234000	chr15:99233000-99234000	73	CTCF_self_ratio	1	0.230000	0.074831	0.155169	0.230000	0.074831
532109	chr15	99233000	99234000	chr15:99233000-99234000	74	CTCF_bin_ratio	0	1.000000	0.669507	0.330493	1.000000	0.669507
532109	chr15	99233000	99234000	chr15:99233000-99234000	75	G4_overlapping_CTCF	1	0.000000	-0.000002	0.000002	0.000000	-0.000002
532109	chr15	99233000	99234000	chr15:99233000-99234000	76	ATAC_overlapping_CTCF	0	1.000000	0.629682	0.370318	1.000000	0.629682
532109	chr15	99233000	99234000	chr15:99233000-99234000	77	NFR_overlapping_CTCF	1	0.000000	-0.000627	0.000627	0.000000	-0.000627
532109	chr15	99233000	99234000	chr15:99233000-99234000	78	Nucleosome_overlapping_CTCF	0	0.000000	0.445543	0.445543	0.000000	0.445543
532109	chr15	99233000	99234000	chr15:99233000-99234000	79	Gata4_overlapping_CTCF	1	1.000000	1.000974	0.000974	1.000000	1.000974
532109	chr15	99233000	99234000	chr15:99233000-99234000	80	Gata6_overlapping_CTCF	0	0.000000	0.502685	0.502685	0.000000	0.502685
532109	chr15	99233000	99234000	chr15:99233000-99234000	81	H3K27ac_overlapping_CTCF	0	0.000000	0.585721	0.585721	0.000000	0.585721
532109	chr15	99233000	99234000	chr15:99233000-99234000	82	H3K27me3_overlapping_CTCF	0	1.000000	0.737972	0.262028	1.000000	0.737972
532109	chr15	99233000	99234000	chr15:99233000-99234000	83	H3K4me1_overlapping_CTCF	0	0.000000	0.591475	0.591475	0.000000	0.591475
532109	chr15	99233000	99234000	chr15:99233000-99234000	84	H3K4me3_overlapping_CTCF	0	0.000000	0.662999	0.662999	0.000000	0.662999
532109	chr15	99233000	99234000	chr15:99233000-99234000	85	Hand2_overlapping_CTCF	0	0.000000	0.581107	0.581107	0.000000	0.581107
532109	chr15	99233000	99234000	chr15:99233000-99234000	86	Isl1_overlapping_CTCF	1	0.000000	-0.001223	0.001223	0.000000	-0.001223
532109	chr15	99233000	99234000	chr15:99233000-99234000	87	Nkx2_5_overlapping_CTCF	0	0.000000	0.567263	0.567263	0.000000	0.567263
532109	chr15	99233000	99234000	chr15:99233000-99234000	88	Tbx5_overlapping_CTCF	0	0.000000	0.564953	0.564953	0.000000	0.564953
532109	chr15	99233000	99234000	chr15:99233000-99234000	89	Rloop_overlapping_CTCF	1	0.000000	0.002083	0.002083	0.000000	0.002083
532109	chr15	99233000	99234000	chr15:99233000-99234000	90	Gata4_peak	0	0.598818	0.611723	0.012906	529.069996	605.804224
532109	chr15	99233000	99234000	chr15:99233000-99234000	91	Gata4_self_ratio	0	0.090000	0.453589	0.363589	0.090000	0.453589
532109	chr15	99233000	99234000	chr15:99233000-99234000	92	Gata4_bin_ratio	1	1.000000	1.002592	0.002592	1.000000	1.002592
532109	chr15	99233000	99234000	chr15:99233000-99234000	93	G4_overlapping_Gata4	1	0.000000	-0.000392	0.000392	0.000000	-0.000392
532109	chr15	99233000	99234000	chr15:99233000-99234000	94	ATAC_overlapping_Gata4	0	1.000000	0.753708	0.246292	1.000000	0.753708
532109	chr15	99233000	99234000	chr15:99233000-99234000	95	NFR_overlapping_Gata4	1	0.000000	-0.000862	0.000862	0.000000	-0.000862
532109	chr15	99233000	99234000	chr15:99233000-99234000	96	Nucleosome_overlapping_Gata4	0	0.000000	0.622185	0.622185	0.000000	0.622185
532109	chr15	99233000	99234000	chr15:99233000-99234000	97	CTCF_overlapping_Gata4	1	1.000000	1.001083	0.001083	1.000000	1.001083
532109	chr15	99233000	99234000	chr15:99233000-99234000	98	Gata6_overlapping_Gata4	1	0.000000	0.001032	0.001032	0.000000	0.001032
532109	chr15	99233000	99234000	chr15:99233000-99234000	99	H3K27ac_overlapping_Gata4	0	0.000000	0.701899	0.701899	0.000000	0.701899
532109	chr15	99233000	99234000	chr15:99233000-99234000	100	H3K27me3_overlapping_Gata4	0	1.000000	0.652182	0.347818	1.000000	0.652182
532109	chr15	99233000	99234000	chr15:99233000-99234000	101	H3K4me1_overlapping_Gata4	0	0.000000	0.603486	0.603486	0.000000	0.603486
532109	chr15	99233000	99234000	chr15:99233000-99234000	102	H3K4me3_overlapping_Gata4	1	0.000000	-0.001085	0.001085	0.000000	-0.001085
532109	chr15	99233000	99234000	chr15:99233000-99234000	103	Hand2_overlapping_Gata4	0	0.000000	0.479437	0.479437	0.000000	0.479437
532109	chr15	99233000	99234000	chr15:99233000-99234000	104	Isl1_overlapping_Gata4	0	0.000000	0.694674	0.694674	0.000000	0.694674
532109	chr15	99233000	99234000	chr15:99233000-99234000	105	Nkx2_5_overlapping_Gata4	0	0.000000	0.725772	0.725772	0.000000	0.725772
532109	chr15	99233000	99234000	chr15:99233000-99234000	106	Tbx5_overlapping_Gata4	1	0.000000	0.001354	0.001354	0.000000	0.001354
532109	chr15	99233000	99234000	chr15:99233000-99234000	107	Rloop_overlapping_Gata4	1	0.000000	0.000901	0.000901	0.000000	0.000901
532109	chr15	99233000	99234000	chr15:99233000-99234000	108	Gata6_peak	0	0.000000	0.396546	0.396546	0.000000	50.841660
532109	chr15	99233000	99234000	chr15:99233000-99234000	109	Gata6_self_ratio	0	0.000000	0.430945	0.430945	0.000000	0.430945
532109	chr15	99233000	99234000	chr15:99233000-99234000	110	Gata6_bin_ratio	0	0.000000	0.454735	0.454735	0.000000	0.454735
532109	chr15	99233000	99234000	chr15:99233000-99234000	111	G4_overlapping_Gata6	1	0.000000	-0.000416	0.000416	0.000000	-0.000416
532109	chr15	99233000	99234000	chr15:99233000-99234000	112	ATAC_overlapping_Gata6	0	0.000000	0.359802	0.359802	0.000000	0.359802
532109	chr15	99233000	99234000	chr15:99233000-99234000	113	NFR_overlapping_Gata6	0	0.000000	0.324830	0.324830	0.000000	0.324830
532109	chr15	99233000	99234000	chr15:99233000-99234000	114	Nucleosome_overlapping_Gata6	1	0.000000	0.001119	0.001119	0.000000	0.001119
532109	chr15	99233000	99234000	chr15:99233000-99234000	115	CTCF_overlapping_Gata6	0	0.000000	0.360242	0.360242	0.000000	0.360242
532109	chr15	99233000	99234000	chr15:99233000-99234000	116	Gata4_overlapping_Gata6	0	0.000000	0.571848	0.571848	0.000000	0.571848
532109	chr15	99233000	99234000	chr15:99233000-99234000	117	H3K27ac_overlapping_Gata6	0	0.000000	0.522781	0.522781	0.000000	0.522781
532109	chr15	99233000	99234000	chr15:99233000-99234000	118	H3K27me3_overlapping_Gata6	0	0.000000	0.425999	0.425999	0.000000	0.425999
532109	chr15	99233000	99234000	chr15:99233000-99234000	119	H3K4me1_overlapping_Gata6	0	0.000000	0.658746	0.658746	0.000000	0.658746
532109	chr15	99233000	99234000	chr15:99233000-99234000	120	H3K4me3_overlapping_Gata6	0	0.000000	0.488324	0.488324	0.000000	0.488324
532109	chr15	99233000	99234000	chr15:99233000-99234000	121	Hand2_overlapping_Gata6	1	0.000000	-0.000790	0.000790	0.000000	-0.000790
532109	chr15	99233000	99234000	chr15:99233000-99234000	122	Isl1_overlapping_Gata6	0	0.000000	0.550604	0.550604	0.000000	0.550604
532109	chr15	99233000	99234000	chr15:99233000-99234000	123	Nkx2_5_overlapping_Gata6	0	0.000000	0.431682	0.431682	0.000000	0.431682
532109	chr15	99233000	99234000	chr15:99233000-99234000	124	Tbx5_overlapping_Gata6	0	0.000000	0.467630	0.467630	0.000000	0.467630
532109	chr15	99233000	99234000	chr15:99233000-99234000	125	Rloop_overlapping_Gata6	0	0.000000	0.353831	0.353831	0.000000	0.353831
532109	chr15	99233000	99234000	chr15:99233000-99234000	126	H3K27ac_peak	1	0.000000	-0.001248	0.001248	0.000000	-0.011445
532109	chr15	99233000	99234000	chr15:99233000-99234000	127	H3K27ac_self_ratio	1	0.000000	0.000933	0.000933	0.000000	0.000933
532109	chr15	99233000	99234000	chr15:99233000-99234000	128	H3K27ac_bin_ratio	0	0.000000	0.751583	0.751583	0.000000	0.751583
532109	chr15	99233000	99234000	chr15:99233000-99234000	129	G4_overlapping_H3K27ac	1	0.000000	-0.000277	0.000277	0.000000	-0.000277
532109	chr15	99233000	99234000	chr15:99233000-99234000	130	ATAC_overlapping_H3K27ac	0	0.000000	0.583910	0.583910	0.000000	0.583910
532109	chr15	99233000	99234000	chr15:99233000-99234000	131	NFR_overlapping_H3K27ac	0	0.000000	0.402973	0.402973	0.000000	0.402973
532109	chr15	99233000	99234000	chr15:99233000-99234000	132	Nucleosome_overlapping_H3K27ac	1	0.000000	0.000188	0.000188	0.000000	0.000188
532109	chr15	99233000	99234000	chr15:99233000-99234000	133	CTCF_overlapping_H3K27ac	0	0.000000	0.563452	0.563452	0.000000	0.563452
532109	chr15	99233000	99234000	chr15:99233000-99234000	134	Gata4_overlapping_H3K27ac	1	0.000000	0.000092	0.000092	0.000000	0.000092
532109	chr15	99233000	99234000	chr15:99233000-99234000	135	Gata6_overlapping_H3K27ac	0	0.000000	0.665259	0.665259	0.000000	0.665259
532109	chr15	99233000	99234000	chr15:99233000-99234000	136	H3K27me3_overlapping_H3K27ac	1	0.000000	0.000648	0.000648	0.000000	0.000648
532109	chr15	99233000	99234000	chr15:99233000-99234000	137	H3K4me1_overlapping_H3K27ac	0	0.000000	0.555259	0.555259	0.000000	0.555259
532109	chr15	99233000	99234000	chr15:99233000-99234000	138	H3K4me3_overlapping_H3K27ac	1	0.000000	0.000072	0.000072	0.000000	0.000072
532109	chr15	99233000	99234000	chr15:99233000-99234000	139	Hand2_overlapping_H3K27ac	0	0.000000	0.622196	0.622196	0.000000	0.622196
532109	chr15	99233000	99234000	chr15:99233000-99234000	140	Isl1_overlapping_H3K27ac	0	0.000000	0.657725	0.657725	0.000000	0.657725
532109	chr15	99233000	99234000	chr15:99233000-99234000	141	Nkx2_5_overlapping_H3K27ac	0	0.000000	0.501647	0.501647	0.000000	0.501647
532109	chr15	99233000	99234000	chr15:99233000-99234000	142	Tbx5_overlapping_H3K27ac	0	0.000000	0.521588	0.521588	0.000000	0.521588
532109	chr15	99233000	99234000	chr15:99233000-99234000	143	Rloop_overlapping_H3K27ac	0	0.000000	0.442664	0.442664	0.000000	0.442664
532109	chr15	99233000	99234000	chr15:99233000-99234000	144	H3K27me3_peak	1	0.805752	0.666885	0.138866	19946.919627	3620.073953
532109	chr15	99233000	99234000	chr15:99233000-99234000	145	H3K27me3_self_ratio	0	0.050000	0.505360	0.455360	0.050000	0.505360
532109	chr15	99233000	99234000	chr15:99233000-99234000	146	H3K27me3_bin_ratio	1	1.000000	1.005661	0.005661	1.000000	1.005661
532109	chr15	99233000	99234000	chr15:99233000-99234000	147	G4_overlapping_H3K27me3	1	0.000000	-0.001732	0.001732	0.000000	-0.001732
532109	chr15	99233000	99234000	chr15:99233000-99234000	148	ATAC_overlapping_H3K27me3	0	1.000000	0.688604	0.311396	1.000000	0.688604
532109	chr15	99233000	99234000	chr15:99233000-99234000	149	NFR_overlapping_H3K27me3	0	0.000000	0.493167	0.493167	0.000000	0.493167
532109	chr15	99233000	99234000	chr15:99233000-99234000	150	Nucleosome_overlapping_H3K27me3	0	0.000000	0.682757	0.682757	0.000000	0.682757
532109	chr15	99233000	99234000	chr15:99233000-99234000	151	CTCF_overlapping_H3K27me3	1	1.000000	1.000258	0.000258	1.000000	1.000258
532109	chr15	99233000	99234000	chr15:99233000-99234000	152	Gata4_overlapping_H3K27me3	1	1.000000	0.996245	0.003755	1.000000	0.996245
532109	chr15	99233000	99234000	chr15:99233000-99234000	153	Gata6_overlapping_H3K27me3	0	0.000000	0.603703	0.603703	0.000000	0.603703
532109	chr15	99233000	99234000	chr15:99233000-99234000	154	H3K27ac_overlapping_H3K27me3	0	0.000000	0.657694	0.657694	0.000000	0.657694
532109	chr15	99233000	99234000	chr15:99233000-99234000	155	H3K4me1_overlapping_H3K27me3	0	0.000000	0.301332	0.301332	0.000000	0.301332
532109	chr15	99233000	99234000	chr15:99233000-99234000	156	H3K4me3_overlapping_H3K27me3	0	0.000000	0.665282	0.665282	0.000000	0.665282
532109	chr15	99233000	99234000	chr15:99233000-99234000	157	Hand2_overlapping_H3K27me3	0	0.000000	0.488411	0.488411	0.000000	0.488411
532109	chr15	99233000	99234000	chr15:99233000-99234000	158	Isl1_overlapping_H3K27me3	1	0.000000	0.000344	0.000344	0.000000	0.000344
532109	chr15	99233000	99234000	chr15:99233000-99234000	159	Nkx2_5_overlapping_H3K27me3	1	0.000000	-0.000851	0.000851	0.000000	-0.000851
532109	chr15	99233000	99234000	chr15:99233000-99234000	160	Tbx5_overlapping_H3K27me3	0	0.000000	0.674254	0.674254	0.000000	0.674254
532109	chr15	99233000	99234000	chr15:99233000-99234000	161	Rloop_overlapping_H3K27me3	0	0.000000	0.729387	0.729387	0.000000	0.729387
532109	chr15	99233000	99234000	chr15:99233000-99234000	162	H3K4me1_peak	1	0.000000	-0.000810	0.000810	0.000000	-0.008224
532109	chr15	99233000	99234000	chr15:99233000-99234000	163	H3K4me1_self_ratio	1	0.000000	-0.001804	0.001804	0.000000	-0.001804
532109	chr15	99233000	99234000	chr15:99233000-99234000	164	H3K4me1_bin_ratio	1	0.000000	-0.002828	0.002828	0.000000	-0.002828
532109	chr15	99233000	99234000	chr15:99233000-99234000	165	G4_overlapping_H3K4me1	0	0.000000	0.575576	0.575576	0.000000	0.575576
532109	chr15	99233000	99234000	chr15:99233000-99234000	166	ATAC_overlapping_H3K4me1	1	0.000000	-0.003212	0.003212	0.000000	-0.003212
532109	chr15	99233000	99234000	chr15:99233000-99234000	167	NFR_overlapping_H3K4me1	0	0.000000	0.583075	0.583075	0.000000	0.583075
532109	chr15	99233000	99234000	chr15:99233000-99234000	168	Nucleosome_overlapping_H3K4me1	1	0.000000	0.001397	0.001397	0.000000	0.001397
532109	chr15	99233000	99234000	chr15:99233000-99234000	169	CTCF_overlapping_H3K4me1	0	0.000000	0.686886	0.686886	0.000000	0.686886
532109	chr15	99233000	99234000	chr15:99233000-99234000	170	Gata4_overlapping_H3K4me1	0	0.000000	0.538668	0.538668	0.000000	0.538668
532109	chr15	99233000	99234000	chr15:99233000-99234000	171	Gata6_overlapping_H3K4me1	0	0.000000	0.524128	0.524128	0.000000	0.524128
532109	chr15	99233000	99234000	chr15:99233000-99234000	172	H3K27ac_overlapping_H3K4me1	1	0.000000	0.001049	0.001049	0.000000	0.001049
532109	chr15	99233000	99234000	chr15:99233000-99234000	173	H3K27me3_overlapping_H3K4me1	0	0.000000	0.524114	0.524114	0.000000	0.524114
532109	chr15	99233000	99234000	chr15:99233000-99234000	174	H3K4me3_overlapping_H3K4me1	1	0.000000	0.001015	0.001015	0.000000	0.001015
532109	chr15	99233000	99234000	chr15:99233000-99234000	175	Hand2_overlapping_H3K4me1	1	0.000000	0.001579	0.001579	0.000000	0.001579
532109	chr15	99233000	99234000	chr15:99233000-99234000	176	Isl1_overlapping_H3K4me1	0	0.000000	0.383884	0.383884	0.000000	0.383884
532109	chr15	99233000	99234000	chr15:99233000-99234000	177	Nkx2_5_overlapping_H3K4me1	0	0.000000	0.514815	0.514815	0.000000	0.514815
532109	chr15	99233000	99234000	chr15:99233000-99234000	178	Tbx5_overlapping_H3K4me1	0	0.000000	0.671363	0.671363	0.000000	0.671363
532109	chr15	99233000	99234000	chr15:99233000-99234000	179	Rloop_overlapping_H3K4me1	0	0.000000	0.273561	0.273561	0.000000	0.273561
532109	chr15	99233000	99234000	chr15:99233000-99234000	180	H3K4me3_peak	0	0.000000	0.368802	0.368802	0.000000	36.864776
532109	chr15	99233000	99234000	chr15:99233000-99234000	181	H3K4me3_self_ratio	1	0.000000	0.002678	0.002678	0.000000	0.002678
532109	chr15	99233000	99234000	chr15:99233000-99234000	182	H3K4me3_bin_ratio	1	0.000000	0.000009	0.000009	0.000000	0.000009
532109	chr15	99233000	99234000	chr15:99233000-99234000	183	G4_overlapping_H3K4me3	1	0.000000	0.000002	0.000002	0.000000	0.000002
532109	chr15	99233000	99234000	chr15:99233000-99234000	184	ATAC_overlapping_H3K4me3	0	0.000000	0.625310	0.625310	0.000000	0.625310
532109	chr15	99233000	99234000	chr15:99233000-99234000	185	NFR_overlapping_H3K4me3	0	0.000000	0.491390	0.491390	0.000000	0.491390
532109	chr15	99233000	99234000	chr15:99233000-99234000	186	Nucleosome_overlapping_H3K4me3	0	0.000000	0.543435	0.543435	0.000000	0.543435
532109	chr15	99233000	99234000	chr15:99233000-99234000	187	CTCF_overlapping_H3K4me3	0	0.000000	0.833959	0.833959	0.000000	0.833959
532109	chr15	99233000	99234000	chr15:99233000-99234000	188	Gata4_overlapping_H3K4me3	0	0.000000	0.412953	0.412953	0.000000	0.412953
532109	chr15	99233000	99234000	chr15:99233000-99234000	189	Gata6_overlapping_H3K4me3	0	0.000000	0.613844	0.613844	0.000000	0.613844
532109	chr15	99233000	99234000	chr15:99233000-99234000	190	H3K27ac_overlapping_H3K4me3	0	0.000000	0.730729	0.730729	0.000000	0.730729
532109	chr15	99233000	99234000	chr15:99233000-99234000	191	H3K27me3_overlapping_H3K4me3	0	0.000000	0.640847	0.640847	0.000000	0.640847
532109	chr15	99233000	99234000	chr15:99233000-99234000	192	H3K4me1_overlapping_H3K4me3	0	0.000000	0.637443	0.637443	0.000000	0.637443
532109	chr15	99233000	99234000	chr15:99233000-99234000	193	Hand2_overlapping_H3K4me3	1	0.000000	0.000136	0.000136	0.000000	0.000136
532109	chr15	99233000	99234000	chr15:99233000-99234000	194	Isl1_overlapping_H3K4me3	0	0.000000	0.457700	0.457700	0.000000	0.457700
532109	chr15	99233000	99234000	chr15:99233000-99234000	195	Nkx2_5_overlapping_H3K4me3	0	0.000000	0.506276	0.506276	0.000000	0.506276
532109	chr15	99233000	99234000	chr15:99233000-99234000	196	Tbx5_overlapping_H3K4me3	1	0.000000	0.000826	0.000826	0.000000	0.000826
532109	chr15	99233000	99234000	chr15:99233000-99234000	197	Rloop_overlapping_H3K4me3	0	0.000000	0.370838	0.370838	0.000000	0.370838
532109	chr15	99233000	99234000	chr15:99233000-99234000	198	Hand2_peak	0	0.000000	0.570060	0.570060	0.000000	354.432363
532109	chr15	99233000	99234000	chr15:99233000-99234000	199	Hand2_self_ratio	0	0.000000	0.374328	0.374328	0.000000	0.374328
532109	chr15	99233000	99234000	chr15:99233000-99234000	200	Hand2_bin_ratio	0	0.000000	0.546580	0.546580	0.000000	0.546580
532109	chr15	99233000	99234000	chr15:99233000-99234000	201	G4_overlapping_Hand2	0	0.000000	0.542587	0.542587	0.000000	0.542587
532109	chr15	99233000	99234000	chr15:99233000-99234000	202	ATAC_overlapping_Hand2	0	0.000000	0.622068	0.622068	0.000000	0.622068
532109	chr15	99233000	99234000	chr15:99233000-99234000	203	NFR_overlapping_Hand2	0	0.000000	0.424952	0.424952	0.000000	0.424952
532109	chr15	99233000	99234000	chr15:99233000-99234000	204	Nucleosome_overlapping_Hand2	1	0.000000	0.001063	0.001063	0.000000	0.001063
532109	chr15	99233000	99234000	chr15:99233000-99234000	205	CTCF_overlapping_Hand2	1	0.000000	0.002312	0.002312	0.000000	0.002312
532109	chr15	99233000	99234000	chr15:99233000-99234000	206	Gata4_overlapping_Hand2	0	0.000000	0.660572	0.660572	0.000000	0.660572
532109	chr15	99233000	99234000	chr15:99233000-99234000	207	Gata6_overlapping_Hand2	0	0.000000	0.558117	0.558117	0.000000	0.558117
532109	chr15	99233000	99234000	chr15:99233000-99234000	208	H3K27ac_overlapping_Hand2	0	0.000000	0.521368	0.521368	0.000000	0.521368
532109	chr15	99233000	99234000	chr15:99233000-99234000	209	H3K27me3_overlapping_Hand2	1	0.000000	-0.000000	0.000000	0.000000	-0.000000
532109	chr15	99233000	99234000	chr15:99233000-99234000	210	H3K4me1_overlapping_Hand2	0	0.000000	0.501325	0.501325	0.000000	0.501325
532109	chr15	99233000	99234000	chr15:99233000-99234000	211	H3K4me3_overlapping_Hand2	1	0.000000	-0.000383	0.000383	0.000000	-0.000383
532109	chr15	99233000	99234000	chr15:99233000-99234000	212	Isl1_overlapping_Hand2	0	0.000000	0.408701	0.408701	0.000000	0.408701
532109	chr15	99233000	99234000	chr15:99233000-99234000	213	Nkx2_5_overlapping_Hand2	0	0.000000	0.518509	0.518509	0.000000	0.518509
532109	chr15	99233000	99234000	chr15:99233000-99234000	214	Tbx5_overlapping_Hand2	0	0.000000	0.475116	0.475116	0.000000	0.475116
532109	chr15	99233000	99234000	chr15:99233000-99234000	215	Rloop_overlapping_Hand2	1	0.000000	0.000902	0.000902	0.000000	0.000902
532109	chr15	99233000	99234000	chr15:99233000-99234000	216	Isl1_peak	0	0.000000	0.556297	0.556297	0.000000	39.833930
532109	chr15	99233000	99234000	chr15:99233000-99234000	217	Isl1_self_ratio	1	0.000000	0.000071	0.000071	0.000000	0.000071
532109	chr15	99233000	99234000	chr15:99233000-99234000	218	Isl1_bin_ratio	0	0.000000	0.550787	0.550787	0.000000	0.550787
532109	chr15	99233000	99234000	chr15:99233000-99234000	219	G4_overlapping_Isl1	0	0.000000	0.429001	0.429001	0.000000	0.429001
532109	chr15	99233000	99234000	chr15:99233000-99234000	220	ATAC_overlapping_Isl1	0	0.000000	0.589977	0.589977	0.000000	0.589977
532109	chr15	99233000	99234000	chr15:99233000-99234000	221	NFR_overlapping_Isl1	1	0.000000	-0.000080	0.000080	0.000000	-0.000080
532109	chr15	99233000	99234000	chr15:99233000-99234000	222	Nucleosome_overlapping_Isl1	0	0.000000	0.732069	0.732069	0.000000	0.732069
532109	chr15	99233000	99234000	chr15:99233000-99234000	223	CTCF_overlapping_Isl1	0	0.000000	0.581887	0.581887	0.000000	0.581887
532109	chr15	99233000	99234000	chr15:99233000-99234000	224	Gata4_overlapping_Isl1	1	0.000000	0.000630	0.000630	0.000000	0.000630
532109	chr15	99233000	99234000	chr15:99233000-99234000	225	Gata6_overlapping_Isl1	0	0.000000	0.599280	0.599280	0.000000	0.599280
532109	chr15	99233000	99234000	chr15:99233000-99234000	226	H3K27ac_overlapping_Isl1	1	0.000000	0.000475	0.000475	0.000000	0.000475
532109	chr15	99233000	99234000	chr15:99233000-99234000	227	H3K27me3_overlapping_Isl1	1	0.000000	0.001149	0.001149	0.000000	0.001149
532109	chr15	99233000	99234000	chr15:99233000-99234000	228	H3K4me1_overlapping_Isl1	1	0.000000	0.001536	0.001536	0.000000	0.001536
532109	chr15	99233000	99234000	chr15:99233000-99234000	229	H3K4me3_overlapping_Isl1	0	0.000000	0.558418	0.558418	0.000000	0.558418
532109	chr15	99233000	99234000	chr15:99233000-99234000	230	Hand2_overlapping_Isl1	0	0.000000	0.730118	0.730118	0.000000	0.730118
532109	chr15	99233000	99234000	chr15:99233000-99234000	231	Nkx2_5_overlapping_Isl1	0	0.000000	0.357489	0.357489	0.000000	0.357489
532109	chr15	99233000	99234000	chr15:99233000-99234000	232	Tbx5_overlapping_Isl1	1	0.000000	0.001329	0.001329	0.000000	0.001329
532109	chr15	99233000	99234000	chr15:99233000-99234000	233	Rloop_overlapping_Isl1	1	0.000000	0.000648	0.000648	0.000000	0.000648
532109	chr15	99233000	99234000	chr15:99233000-99234000	234	Nkx2_5_peak	0	0.000000	0.292069	0.292069	0.000000	10.278707
532109	chr15	99233000	99234000	chr15:99233000-99234000	235	Nkx2_5_self_ratio	0	0.000000	0.519924	0.519924	0.000000	0.519924
532109	chr15	99233000	99234000	chr15:99233000-99234000	236	Nkx2_5_bin_ratio	1	0.000000	-0.001451	0.001451	0.000000	-0.001451
532109	chr15	99233000	99234000	chr15:99233000-99234000	237	G4_overlapping_Nkx2_5	0	0.000000	0.282453	0.282453	0.000000	0.282453
532109	chr15	99233000	99234000	chr15:99233000-99234000	238	ATAC_overlapping_Nkx2_5	0	0.000000	0.510687	0.510687	0.000000	0.510687
532109	chr15	99233000	99234000	chr15:99233000-99234000	239	NFR_overlapping_Nkx2_5	1	0.000000	-0.002283	0.002283	0.000000	-0.002283
532109	chr15	99233000	99234000	chr15:99233000-99234000	240	Nucleosome_overlapping_Nkx2_5	0	0.000000	0.616576	0.616576	0.000000	0.616576
532109	chr15	99233000	99234000	chr15:99233000-99234000	241	CTCF_overlapping_Nkx2_5	0	0.000000	0.639932	0.639932	0.000000	0.639932
532109	chr15	99233000	99234000	chr15:99233000-99234000	242	Gata4_overlapping_Nkx2_5	1	0.000000	0.001264	0.001264	0.000000	0.001264
532109	chr15	99233000	99234000	chr15:99233000-99234000	243	Gata6_overlapping_Nkx2_5	1	0.000000	0.000639	0.000639	0.000000	0.000639
532109	chr15	99233000	99234000	chr15:99233000-99234000	244	H3K27ac_overlapping_Nkx2_5	1	0.000000	0.000518	0.000518	0.000000	0.000518
532109	chr15	99233000	99234000	chr15:99233000-99234000	245	H3K27me3_overlapping_Nkx2_5	1	0.000000	-0.000594	0.000594	0.000000	-0.000594
532109	chr15	99233000	99234000	chr15:99233000-99234000	246	H3K4me1_overlapping_Nkx2_5	1	0.000000	0.000501	0.000501	0.000000	0.000501
532109	chr15	99233000	99234000	chr15:99233000-99234000	247	H3K4me3_overlapping_Nkx2_5	1	0.000000	0.000826	0.000826	0.000000	0.000826
532109	chr15	99233000	99234000	chr15:99233000-99234000	248	Hand2_overlapping_Nkx2_5	0	0.000000	0.636193	0.636193	0.000000	0.636193
532109	chr15	99233000	99234000	chr15:99233000-99234000	249	Isl1_overlapping_Nkx2_5	0	0.000000	0.408925	0.408925	0.000000	0.408925
532109	chr15	99233000	99234000	chr15:99233000-99234000	250	Tbx5_overlapping_Nkx2_5	0	0.000000	0.473218	0.473218	0.000000	0.473218
532109	chr15	99233000	99234000	chr15:99233000-99234000	251	Rloop_overlapping_Nkx2_5	1	0.000000	0.000285	0.000285	0.000000	0.000285
532109	chr15	99233000	99234000	chr15:99233000-99234000	252	Tbx5_peak	1	0.000000	0.000724	0.000724	0.000000	0.005538
532109	chr15	99233000	99234000	chr15:99233000-99234000	253	Tbx5_self_ratio	1	0.000000	-0.001009	0.001009	0.000000	-0.001009
532109	chr15	99233000	99234000	chr15:99233000-99234000	254	Tbx5_bin_ratio	0	0.000000	0.403932	0.403932	0.000000	0.403932
532109	chr15	99233000	99234000	chr15:99233000-99234000	255	G4_overlapping_Tbx5	0	0.000000	0.355183	0.355183	0.000000	0.355183
532109	chr15	99233000	99234000	chr15:99233000-99234000	256	ATAC_overlapping_Tbx5	1	0.000000	0.003269	0.003269	0.000000	0.003269
532109	chr15	99233000	99234000	chr15:99233000-99234000	257	NFR_overlapping_Tbx5	0	0.000000	0.547824	0.547824	0.000000	0.547824
532109	chr15	99233000	99234000	chr15:99233000-99234000	258	Nucleosome_overlapping_Tbx5	1	0.000000	-0.000215	0.000215	0.000000	-0.000215
532109	chr15	99233000	99234000	chr15:99233000-99234000	259	CTCF_overlapping_Tbx5	1	0.000000	-0.001487	0.001487	0.000000	-0.001487
532109	chr15	99233000	99234000	chr15:99233000-99234000	260	Gata4_overlapping_Tbx5	1	0.000000	-0.002665	0.002665	0.000000	-0.002665
532109	chr15	99233000	99234000	chr15:99233000-99234000	261	Gata6_overlapping_Tbx5	1	0.000000	0.001771	0.001771	0.000000	0.001771
532109	chr15	99233000	99234000	chr15:99233000-99234000	262	H3K27ac_overlapping_Tbx5	0	0.000000	0.627540	0.627540	0.000000	0.627540
532109	chr15	99233000	99234000	chr15:99233000-99234000	263	H3K27me3_overlapping_Tbx5	0	0.000000	0.587164	0.587164	0.000000	0.587164
532109	chr15	99233000	99234000	chr15:99233000-99234000	264	H3K4me1_overlapping_Tbx5	0	0.000000	0.677675	0.677675	0.000000	0.677675
532109	chr15	99233000	99234000	chr15:99233000-99234000	265	H3K4me3_overlapping_Tbx5	1	0.000000	-0.000282	0.000282	0.000000	-0.000282
532109	chr15	99233000	99234000	chr15:99233000-99234000	266	Hand2_overlapping_Tbx5	0	0.000000	0.510724	0.510724	0.000000	0.510724
532109	chr15	99233000	99234000	chr15:99233000-99234000	267	Isl1_overlapping_Tbx5	0	0.000000	0.508123	0.508123	0.000000	0.508123
532109	chr15	99233000	99234000	chr15:99233000-99234000	268	Nkx2_5_overlapping_Tbx5	0	0.000000	0.318278	0.318278	0.000000	0.318278
532109	chr15	99233000	99234000	chr15:99233000-99234000	269	Rloop_overlapping_Tbx5	1	0.000000	0.001004	0.001004	0.000000	0.001004
532109	chr15	99233000	99234000	chr15:99233000-99234000	270	Rloop_peak	1	0.000000	0.000876	0.000876	0.000000	0.004532
532109	chr15	99233000	99234000	chr15:99233000-99234000	271	Rloop_self_ratio	0	0.000000	0.469351	0.469351	0.000000	0.469351
532109	chr15	99233000	99234000	chr15:99233000-99234000	272	Rloop_bin_ratio	1	0.000000	0.001476	0.001476	0.000000	0.001476
532109	chr15	99233000	99234000	chr15:99233000-99234000	273	G4_overlapping_Rloop	1	0.000000	-0.001091	0.001091	0.000000	-0.001091
532109	chr15	99233000	99234000	chr15:99233000-99234000	274	ATAC_overlapping_Rloop	0	0.000000	0.536321	0.536321	0.000000	0.536321
532109	chr15	99233000	99234000	chr15:99233000-99234000	275	NFR_overlapping_Rloop	0	0.000000	0.529945	0.529945	0.000000	0.529945
532109	chr15	99233000	99234000	chr15:99233000-99234000	276	Nucleosome_overlapping_Rloop	0	0.000000	0.650627	0.650627	0.000000	0.650627
532109	chr15	99233000	99234000	chr15:99233000-99234000	277	CTCF_overlapping_Rloop	1	0.000000	0.000354	0.000354	0.000000	0.000354
532109	chr15	99233000	99234000	chr15:99233000-99234000	278	Gata4_overlapping_Rloop	1	0.000000	-0.000223	0.000223	0.000000	-0.000223
532109	chr15	99233000	99234000	chr15:99233000-99234000	279	Gata6_overlapping_Rloop	0	0.000000	0.646223	0.646223	0.000000	0.646223
532109	chr15	99233000	99234000	chr15:99233000-99234000	280	H3K27ac_overlapping_Rloop	1	0.000000	0.000971	0.000971	0.000000	0.000971
532109	chr15	99233000	99234000	chr15:99233000-99234000	281	H3K27me3_overlapping_Rloop	0	0.000000	0.420451	0.420451	0.000000	0.420451
532109	chr15	99233000	99234000	chr15:99233000-99234000	282	H3K4me1_overlapping_Rloop	1	0.000000	-0.000552	0.000552	0.000000	-0.000552
532109	chr15	99233000	99234000	chr15:99233000-99234000	283	H3K4me3_overlapping_Rloop	0	0.000000	0.533574	0.533574	0.000000	0.533574
532109	chr15	99233000	99234000	chr15:99233000-99234000	284	Hand2_overlapping_Rloop	0	0.000000	0.371474	0.371474	0.000000	0.371474
532109	chr15	99233000	99234000	chr15:99233000-99234000	285	Isl1_overlapping_Rloop	0	0.000000	0.651341	0.651341	0.000000	0.651341
532109	chr15	99233000	99234000	chr15:99233000-99234000	286	Nkx2_5_overlapping_Rloop	0	0.000000	0.571830	0.571830	0.000000	0.571830
532109	chr15	99233000	99234000	chr15:99233000-99234000	287	Tbx5_overlapping_Rloop	0	0.000000	0.814687	0.814687	0.000000	0.814687
